"Title","Author","AuthorMore","Remove","Pages","WorldCatLink","GoodreadsLink","GoodreadsRating","GoodreadsReviews","PubYear","BibNum","Subjects","Parent"
"Blood Brothers","Nelson, Colleen",,TRUE,,,,,,2017,3261813,"gangs juvenile fiction, friendship juvenile fiction, gangs fiction, friendship fiction, young adult fiction","child"
"Show Mode","Rivera, Raquel",,TRUE,,,,,,2017,3236332,"fashion shows fiction, competition psychology fiction",""
"The Bodies of the Ancients","Millet, Lydia",,TRUE,,,,,,2017,3229156,"families massachusetts juvenile fiction, shapeshifting juvenile fiction, cape cod mass juvenile fiction, supernatural fiction, family life massachusetts fiction, shapeshifting fiction, cape cod mass fiction, paranormal fiction","child, states"
"Texan’s Baby","Han, Barb",,TRUE,,,,,,2016,3176850,"single mothers fiction, bodyguards fiction, secrecy fiction, stalkers fiction, man woman relationships fiction, romantic suspense fiction","romance"
"Across the Floor","Deen, Natasha",,TRUE,,,,,,2016,3171375,"football players juvenile fiction, dancers juvenile fiction","child"
"Dust Up with the Detective","Winters, Danica",,TRUE,,,,,,2016,3227070,"man woman relationships fiction, large type books, murder investigation fiction, police fiction, montana fiction, romantic suspense fiction","romance, states"
"Shotgun","Joyner, C. Courtney",,TRUE,,,,,,2016,3226003,"outlaws fiction, brothers fiction, united states history civil war 1861 1865 veterans fiction, large type books, western fiction","frontier"
"Billy Buckhorn Supranormal","Robinson, Gary",,TRUE,,,,,,2015,3140297,"cherokee indians juvenile fiction, indians of north america oklahoma juvenile fiction, animals mythical juvenile fiction, supernatural fiction","child, states"
"Celestial Invasion","McFarlane, Glendon",,TRUE,,,,,,2014,3068523,"maroons jamaica fiction, human alien encounters fiction, jamaica fiction, fantasy fiction, science fiction","countries"
"The Shadow of Things to Come","Efoui, Kossi","(translator) Turner, Chris",TRUE,,,,,,2013,3204072,"soldiers conduct of life fiction, war moral and ethical aspects fiction, war and society fiction, africa politics and government fiction",""
"The Shipwreck","Riel, Jørn","(illustrator) Cann, Helen",TRUE,,,,,,2011,3282232,"vikings greenland juvenile fiction, inuit greenland juvenile fiction, eskimos greenland juvenile fiction, greenland history to 1500 juvenile fiction, vikings greenland fiction, inuit greenland fiction, eskimos greenland fiction, greenland history to 1500 fiction, readers elementary","child, countries"
"Give Me Fever","Bryant, Niobia",,TRUE,,,,,,2010,3275555,"african americans fiction, man woman relationships fiction, romance fiction","romance"
"Stella in Heaven","Buchwald, Art",,,165,"https://www.worldcat.org/title/stella-in-heaven/oclc/45066085","https://www.goodreads.com/book/show/151601.Stella_in_Heaven",3.1,117,2000,3284047,"spouses death psychological aspects fiction, widowers fiction, psychological fiction, spouses, death",""
"Visitors from Oz","Gardner, Martin",,,189,"https://www.worldcat.org/title/visitors-from-oz-the-wild-adventures-of-dorothy-the-scarecrow-and-the-tin-woodman/oclc/52053657","https://www.goodreads.com/book/show/902453.Visitors_from_Oz",3.34,47,1998,3282198,"oz imaginary place fiction, new york n y fiction, kidnapping fiction, magic, gangs","states"
"The World Full of Women","Metzger, Wendell",,TRUE,,,,,,1996,1720851,,""
"A Burden of Earth and Other Stories","Boswroth, Beth",,,165,"https://www.worldcat.org/title/burden-of-earth-and-other-stories/oclc/32132198","https://www.goodreads.com/book/show/592339.A_Burden_of_Earth_and_Other_Stories",5,1,1995,1612847,"short stories","short"
"The Journey That Time","Metzger, Wendell",,TRUE,,,,,,1995,1714302,,""
"Stripping","Pagan, Kennedy",,,160,"https://www.worldcat.org/title/stripping/oclc/810455789","https://www.goodreads.com/book/show/379841.Stripping_and_Other_Stories",3.57,136,1994,1330936,"young women united states social life and customs fiction, women",""
"A Disturbance in One Place","Kirshenbaum, Binnie",,,,"https://www.worldcat.org/title/disturbance-in-one-place/oclc/877889686","https://www.goodreads.com/book/show/1062909.A_Disturbance_in_One_Place",3.36,101,1994,1338713,"humorous fiction, women, adultery, promiscuity",""
"He & She","Metzger, Wendell",,TRUE,,,,,,1994,1392577,,""
"The Quest for Shar-I-Sabs","Bier, Phillip",,,270,"https://www.worldcat.org/title/quest-for-shar-i-sabs/oclc/29594083","https://www.goodreads.com/book/show/301986.The_Quest_for_Shar_I_Sabs",0,0,1993,1318532,"mennonites, russia","countries"
"Doctor Criminale","Bradbury, Malcolm",,,,"https://www.worldcat.org/title/doctor-criminale/oclc/968119751","https://www.goodreads.com/book/show/1043093.Doctor_Criminale",3.58,167,1992,1274010,"black humor, doctors & medicine humor, satire, british & irish humor",""
"The Lost Years","Brancati, Vitaliano","(translator) Creagh, Patrick",,207,"https://www.worldcat.org/title/lost-years/oclc/31901215","https://www.goodreads.com/book/show/2419401.The_Lost_Years",3.52,27,1992,1720593,"biography & autobiography, women",""
"Sea of Lentils","Benítez-Rojo, Antonio","(illustrator) Lea, Sydney | (translator) Maraniss, James",,201,"https://www.worldcat.org/title/sea-of-lentils/oclc/1103750422","https://www.goodreads.com/book/show/3167180-sea-of-lentils",3.54,26,1990,573307,"government",""
"Superspill","Becker, Mary Kay | Coburn, Patricia",,,161,"https://www.worldcat.org/title/superspill-an-account-of-the-1978-grounding-at-bird-rocks/oclc/21487193",,,,1989,1301800,"oil spills washington state puget sound fiction, oil spills","pnw"
"Shaihu Umar","Balewa, Abubakar Tafawa","(translator) Hiskett, Mervin",,79,"https://www.worldcat.org/title/shaihu-umar-a-novel/oclc/652536493","https://www.goodreads.com/book/show/777225.Shaihu_Umar",3.38,34,1989,537153,,""
"Baron Bagge | Count Luna","Lernet-Holenia, Alexandra",,,252,"https://www.worldcat.org/title/count-luna-baron-bagge/oclc/220586776","https://www.goodreads.com/book/show/1175031.Baron_Bagge_Count_Luna",4.15,26,1988,521198,"lernet holenia alexander 1897 1976 translations into english",""
"Megda","Kelley, Emma Dunham",,,394,"https://www.worldcat.org/title/megda/oclc/876229472","https://www.goodreads.com/book/show/1252809.Megda",3,3,1988,491018,"black women writers",""
"The Magic We Do Here","Rudner, Lawrence",,,212,"https://www.worldcat.org/title/magic-we-do-here/oclc/582054605","https://www.goodreads.com/book/show/4810859-the-magic-we-do-here",4,3,1988,488196,"miracles",""
"The Land","Torres, Antônio",,,136,"https://www.worldcat.org/title/land/oclc/14588735","https://www.goodreads.com/book/show/13074119-the-land",3.29,51,1987,424541,"portuguese, brazilian","countries"
"False Colors","Borgenicht, Miriam",,,183,"https://www.worldcat.org/title/false-colors/oclc/1034665615","https://www.goodreads.com/book/show/4188430-false-colors",3,1,1985,473024,"mystery",""
"Return to Región","Benet, Juan","(translator) Rabassa, Gregory",TRUE,315,"https://www.worldcat.org/title/volveras-a-region/oclc/895875225","https://www.goodreads.com/book/show/69429.Volver_s_a_Regi_n",3.59,131,1985,386875,"european literary history & criticism, european literature, spanish & portuese literature","countries"
"Dead Ground","Kerrigan, Philip",,,163,"https://www.worldcat.org/title/lead-pencil-stories-and-sketches/oclc/644495072","https://www.goodreads.com/book/show/443866.Dead_Ground",3.6,5,1985,399123,,""
"Lead Pencil","Botwinik, Berl",,,163,"https://www.worldcat.org/title/lead-pencil-stories-and-sketches/oclc/644495072","https://www.goodreads.com/book/show/3836342-lead-pencil",2,1,1984,360632,"botwinik berl 1885 1945 translations into english, jews, social life, translation",""
"The Priestess of Henge","Burnett, David",,,434,"https://www.worldcat.org/title/priestess-of-henge-a-novel/oclc/1036802908","https://www.goodreads.com/book/show/3241109-the-priestess-of-henge",3.7,10,1982,357489,"children's stories","child"
"The Best of Thomas N. Scortia","Scortia, Thomas N.","(editor) Zebrowski, George",,244,"https://www.worldcat.org/title/best-of-thomas-n-scortia/oclc/463302764","https://www.goodreads.com/book/show/1965587.The_Best_of_Thomas_N_Scortia",0,0,1981,202364,"science fiction american, science fiction",""
"Waiting for Sheila","Braine, John",,,186,"https://www.worldcat.org/title/waiting-for-sheila/oclc/1075945304","https://www.goodreads.com/book/show/4437679-waiting-for-sheila",2.84,19,1980,159413,"mystery & detective, romance","romance"
"The 47th Snail","Hinterberger, John","(illustrator) Rupp, Jacques",,217,"https://www.worldcat.org/title/47th-snail/oclc/4884023","https://www.goodreads.com/book/show/11688576-the-47th-snail",0,0,1978,125751,"seattle, humor",""
"Promised Land","Belfrage, Cedric",,,349,"https://www.worldcat.org/title/promised-land-notes-for-a-history/oclc/471060286","https://www.goodreads.com/book/show/4772304-promised-land",3,1,1977,493509,,""
"George and Anna","Rees, Barbara",,,156,"https://www.worldcat.org/title/george-and-anna/oclc/740650868",,,,1976,23329,,""
"The Monarch","Vasilikos, Vasilēs",,TRUE,216,"https://www.worldcat.org/title/monarch/oclc/706859736","https://www.goodreads.com/book/show/4792353-the-monarch",3.5,4,1976,805687,,""
"Hear, ye sons","Fineman, Irving",,,306,"https://www.worldcat.org/title/hear-ye-sons-a-novel/oclc/729959502","https://www.goodreads.com/book/show/3908323-hear-ye-sons",0,0,1975,40234,"jews",""
"Coward’s Paradise","Elliston, Valerie",,,314,"https://www.worldcat.org/title/cowards-paradise/oclc/562090410","https://www.goodreads.com/book/show/4643299-coward-s-paradise",3,1,1975,38197,,""
"Solomon’s Folly","Croxford, Leslie",,,206,"https://www.worldcat.org/title/solomons-folly/oclc/9761573","https://www.goodreads.com/book/show/3737602-solomon-s-folly",0,0,1974,125417,,""
"Holiday for ding-a-lings","Ellis, Art",,TRUE,,,,,,1974,732586,,""
"American Voices, American Women","Edwards, Lee R. | Diamond, Arlyn",,,,,"https://www.goodreads.com/book/show/3417989-american-voices-american-women",4,2,1973,51678,"american literature, women authors",""
"No","Major, Clarence",,,207,"https://www.worldcat.org/title/no/oclc/894326361","https://www.goodreads.com/book/show/25957675-no",4,1,1973,60905,"african american",""
"Call the Beast Thy Brother","Turner, William",,,206,"https://www.worldcat.org/title/call-the-beast-thy-brother/oclc/752028","https://www.goodreads.com/book/show/4384026-call-the-beast-thy-brother",3,1,1973,51022,"haida indians fiction, hiada indians",""
"The knife edge","Ellis, William",,,223,"https://www.worldcat.org/title/knife-edge/oclc/748690","https://www.goodreads.com/book/show/3720894-the-knife-edge",0,0,1973,51634,"detective, mystery",""
"My Stillness","Griffith, Paul",,,180,"https://www.worldcat.org/title/my-stillness-a-novel/oclc/621997","https://www.goodreads.com/book/show/672759.My_Stillness",4.33,3,1972,59218,,""
"Don Juan’s Bar","Callado, Antônio",,TRUE,271,"https://www.worldcat.org/title/don-juans-bar-a-novel/oclc/292366","https://www.goodreads.com/book/show/1257701.Don_Juan_s_Bar",3.56,16,1972,8678,"brazil fiction, dictatorship, history, brazil","countries"
"The Time of Adam","Cullinan, Elizabeth",,,178,"https://www.worldcat.org/title/time-of-adam-stories/oclc/695832915",,,,1971,62657,,""
"Kotik Letaev","Bely, Andrei","(translator) Janecek, Gerald",,268,"https://www.worldcat.org/title/kotik-letaev/oclc/40783942","https://www.goodreads.com/book/show/184914.Kotik_Letaev",3.91,58,1971,40815,"children, russia","child, countries"
"Invisible Swords","Farrell, James",,,430,"https://www.worldcat.org/title/invisible-swords/oclc/904561413",,,,1971,21791,,""
"The Mad Dog Press Archives","Grendahl, J. Spencer",,,224,"https://www.worldcat.org/title/mad-dog-press-archives-a-novel/oclc/16198028","https://www.goodreads.com/book/show/2011160.The_Mad_Dog_Press_Archives_A_Novel",4,1,1970,706026,,""
"Daughters of the Sun","Egbuna, Obi",,,106,"https://www.worldcat.org/title/daughters-of-the-sun-and-other-stories/oclc/107625","https://www.goodreads.com/book/show/2391959.Daughters_Of_The_Sun_And_Other_Stories",4,1,1970,22688,"nigeria, social life, customs","countries"
"When Greek Meets Greek","Demetrios, George",,,245,"https://www.worldcat.org/title/when-greek-meets-greek/oclc/76429","https://www.goodreads.com/book/show/3556724-when-greek-meets-greek",0,0,1970,768598,,""
"When the Fire Reaches Us","Tinker, Barbara Wilson",,,,,"https://www.goodreads.com/book/show/2717804-when-the-fire-reaches-us",2.5,4,1970,11055,,""
"Contact","Finn, F. E. S.",,,174,"https://www.worldcat.org/title/contact-short-stories-of-the-1960s-in-2-vols/oclc/877523805",,,,1969,9628,"short stories","short"
"The Fanatics","Dunbar, Paul Laurence",,,312,"https://www.worldcat.org/title/fanatics/oclc/1072177385","https://www.goodreads.com/book/show/2046750.The_Fanatics_",3.33,3,1969,1359787,"american fiction, african american authors",""
"Aunt Sara’s Wooden God","Gilbert, Mercedes",,,271,"https://www.worldcat.org/title/aunt-saras-wooden-god/oclc/987283535","https://www.goodreads.com/book/show/35069983-aunt-sara-s-wooden-god",0,0,1969,3004213,"african americans fiction mason dixon line african americans fiction, country life fiction, mothers and sons fiction, poor fiction, male african people conduct of life fiction, african american fiction, country life, mothers and sons",""
"In the House of the Lord","Flynn, Robert",,,287,"https://www.worldcat.org/title/in-the-house-of-the-lord/oclc/22629551","https://www.goodreads.com/book/show/2665979-in-the-house-of-the-lord",4.09,11,1969,87847,"texas","states"
"Fractions","Field, Andrew",,,144,"https://www.worldcat.org/title/fractions/oclc/696493","https://www.goodreads.com/book/show/4333083-fractions",3,3,1969,24827,,""
"The Problem","Gilmore, F. Grant",,,,"https://www.worldcat.org/title/problem-a-military-novel/oclc/944194926","https://www.goodreads.com/book/show/25148361-the-problem-a-military-novel",0,0,1969,3004212,"military art and science fiction",""
"Julia Harrington","Bissell, Richard",,,,"https://www.worldcat.org/title/julia-harrington/oclc/69653004#borrow","https://www.goodreads.com/book/show/22892565-julia-harrington",3,10,1969,5550,"city and town life juvenile fiction","child"
"The Power Sellers","Hall, Patrick",,,252,"https://www.worldcat.org/title/power-sellers/oclc/435541",,,,1969,80549,,""
"Second Breath","Beneš, Jan","(translator) Montgomery, Michael",,161,"https://www.worldcat.org/title/second-breath/oclc/586732683",,,,1969,59774,"czechoslovakia fiction","countries"
"The Love of Landry","Dunbar, Paul Lawrence",,,,"https://www.worldcat.org/title/love-of-landry/oclc/944429112","https://www.goodreads.com/book/show/38692299-the-love-of-landry",4.33,6,1969,60175,,""
"The Shape of Fear","Peattie, Elia Wilkinson",,,,"https://www.worldcat.org/title/shape-of-fear/oclc/1078567287","https://www.goodreads.com/book/show/12959174-the-shape-of-fear",3.14,22,1969,62118,,""
"Peak and Prairie","Fuller, Anna",,,,"https://www.worldcat.org/title/peak-and-prairie-from-a-colorado-sketch-book/oclc/920921767","https://www.goodreads.com/book/show/20558044-peak-and-prairie-from-a-colorado-sketch-book",2,1,1969,25190,,""
"A Little Book of Profitable Tales","Field, Eugene",,,,"https://www.worldcat.org/title/little-book-of-profitable-tales/oclc/980223704","https://www.goodreads.com/book/show/9932367-a-little-book-of-profitable-tales",3.18,11,1969,594201,"short stories","short"
"The Thunder and the Shouting","Nicole, Christopher",,,281,"https://www.worldcat.org/title/thunder-and-the-shouting/oclc/16561968","https://www.goodreads.com/book/show/12216131-the-thunder-and-the-shouting",3.8,5,1969,10488,,""
"The Living is Easy","West, Dorothy",,,376,"https://www.worldcat.org/title/living-is-easy/oclc/858229215","https://www.goodreads.com/book/show/158371.The_Living_is_Easy",3.91,389,1969,3184362,"african americans fiction, boston mass fiction, african american fiction",""
"In the Days of the Councillor","Andersen, Tryggve","(translator) Stroup, Beatrice H. | (translator) Mathison, Stein",,262,"https://www.worldcat.org/title/in-the-days-of-the-councillor/oclc/467442742","https://www.goodreads.com/book/show/18283731-in-the-days-of-the-councillor",3.57,7,1969,420352,"norway fiction","countries"
"The Heart of Happy Hollow","Dunbar, Paul Lawrence","(illustrator) Kemble, E. W.",,,"https://www.worldcat.org/title/heart-of-happy-hollow-a-collection-of-stories/oclc/920913343","https://www.goodreads.com/book/show/29349353-the-heart-of-happy-hollow",3.96,26,1969,13390,,""
"Counter Paradise","Fleming, Nichol",,,191,"https://www.worldcat.org/title/counter-paradise/oclc/10530219","https://www.goodreads.com/book/show/11186094-counter-paradise",3,5,1968,700738,,""
"38 Short Stories","Timko, Michael | Oliver, Clinton",,,716,"https://www.worldcat.org/title/38-short-stories-an-introductory-anthology/oclc/21592927","https://www.goodreads.com/book/show/791750.38_Short_Stories",4.33,3,1968,81384,"short stories","short"
"The Conflagration","Fedin, Konstantin","(translator) Sharise, Olga | (editor) Bean, Bryan",,,"https://www.worldcat.org/title/conflagration/oclc/113750","https://www.goodreads.com/book/show/16114896-the-conflagration",3.67,3,1968,22370,"soviet union",""
"The Drowning, the Dancing","Nilssen, Jerome",,,165,"https://www.worldcat.org/title/drowning-the-dancing/oclc/424855",,,,1968,84535,,""
"The Second Inheritance","Bragg, Melvyn",,,266,"https://www.worldcat.org/title/second-inheritance/oclc/439830370","https://www.goodreads.com/book/show/20639920-the-second-inheritance",3,7,1967,178488,,""
"Promise Morning","Mercer, Charles",,,192,"https://www.worldcat.org/title/promise-morning/oclc/1007777943",,,,1966,144067,,""
"The Bright Feathers","Culp, John",,,320,"https://www.worldcat.org/title/bright-feathers/oclc/16891445","https://www.goodreads.com/book/show/42445756-the-bright-feathers",3,1,1965,128114,"western","frontier"
"The Travelers","Fetler, Andrew",,,273,"https://www.worldcat.org/title/travelers-a-novel/oclc/1166100",,,,1965,127392,,""
"Mr Capon","Hall, Jenni",,,125,"https://www.worldcat.org/title/mr-capon/oclc/30290719",,,,1965,287770,,""
"Famous Tales of the Fantastic","Van Thal, Herbert",,,140,"https://www.worldcat.org/title/famous-tales-of-the-fantastic/oclc/221417362","https://www.goodreads.com/book/show/12955828-famous-tales-of-the-fantastic",3.67,3,1965,178796,"fantasy fiction, short stories, fantasy","short"
"Falling Through the Night","Fedoroff, Alexander",,,237,"https://www.worldcat.org/title/falling-through-the-night/oclc/559869428",,,,1964,243947,,""
"What Time Collects","Farrell, James",,,421,"https://www.worldcat.org/title/what-time-collects/oclc/883562612",,,,1964,720308,,""
"Three Cheers for Nothing","Kinsley, Peter",,,158,"https://www.worldcat.org/title/three-cheers-for-nothing/oclc/561597881",,,,1964,187554,,""
"The Six Wounds","Cuddon, J. A.",,,264,"https://www.worldcat.org/title/six-wounds/oclc/1590963",,,,1964,211021,"brazil, stigmatization","countries"
"The Second Stone","Fiedler, Leslie",,,,"https://www.worldcat.org/title/second-stone-a-love-story/oclc/752838662",,,,1963,582248,,""
"Young Crankshaw","Hemley, Cecil",,,319,"https://www.worldcat.org/title/young-crankshaw/oclc/559423568",,,,1963,174441,,""
"Northern Affair","Findley, D. K.",,,224,"https://www.worldcat.org/title/northern-affair/oclc/13385881","https://www.goodreads.com/book/show/13560857-northern-affair",3,1,1963,70119,"adventure, canada, arctic, inuit","countries"
"Harvest on the Don","Sholokhov, Mikhail","(translator) Stevens, H. C.",,399,"https://www.worldcat.org/title/harvest-on-the-don/oclc/12501023","https://www.goodreads.com/book/show/626402.Harvest_on_the_Don",3.98,343,1961,426914,"russia","countries"
"So Was Alaska","Snider, Gerritt","(illustrator) Hafling, Jane",,95,"https://www.worldcat.org/title/so-was-alaska/oclc/8991906",,,,1961,69403,"frontier and pioneer life alaska, alaska, frontier and pioneer life","frontier, states"
"The Benefactor","Flores, María",,,280,"https://www.worldcat.org/title/benefactor/oclc/563673667",,,,1960,171005,,""
"The Good Light","Bjarnhof, Karl","(translator) Walford, Naomi",,272,"https://www.worldcat.org/title/good-light/oclc/252674812","https://www.goodreads.com/book/show/21527363-the-good-light",4,4,1960,128298,,""
"Mrs. Sherman’s Summer","Fischer, Marjorie",,,254,"https://www.worldcat.org/title/mrs-shermans-summer/oclc/154633370","https://www.goodreads.com/book/show/10843829-mrs-sherman-s-summer",0,0,1960,170962,,""
"The Winter Rider","Fleming, Berry",,,,"https://www.worldcat.org/title/winter-rider/oclc/928884925","https://www.goodreads.com/book/show/25212367-the-winter-rider",3,1,1960,171120,"suspense, relationships","romance"
"One Star General","Morgan, Al",,,,"https://www.worldcat.org/title/one-star-general/oclc/1026247133","https://www.goodreads.com/book/show/17664003-one-star-general",4.33,3,1959,306502,,""
"Tell Me, Stranger","Flood, Charles Bracelen",,,188,"https://www.worldcat.org/title/tell-me-stranger/oclc/225028970","https://www.goodreads.com/book/show/6387096-tell-me-stranger",5,3,1959,302681,"romance","romance"
"The Reunion","Molloy, Robert",,,331,"https://www.worldcat.org/title/reunion/oclc/926799878","https://www.goodreads.com/book/show/40548219-the-reunion",0,0,1959,720274,"south carolina","states"
"The Constant Star","Foote, Dorothy Norris",,,,"https://www.worldcat.org/title/constant-star/oclc/752872117",,,,1959,185739,"somerset frances howard carr countess of 1593 1632 fiction, sidney philip sir 1554 1586 fiction, essex robert devereux earl of 1566 1601 in literature","countries"
"No Love for Johnnie","Feinburgh, Wilfred",,,232,"https://www.worldcat.org/title/no-love-for-johnnie/oclc/30257140","https://www.goodreads.com/book/show/43840539-no-love-for-johnnie",2.5,2,1959,185686,,""
"But Will They Get It in Des Moines?","Flink, Stanley",,,310,"https://www.worldcat.org/title/but-will-they-get-it-in-des-moines-a-novel/oclc/3065811","https://www.goodreads.com/book/show/18857248-but-will-they-get-it-in-des-moines",3,1,1959,213026,,""
"The Brooks Legend","Ellis, William Donohue",,,352,"https://www.worldcat.org/title/brooks-legend/oclc/12409648","https://www.goodreads.com/book/show/15815984-the-brooks-legend",0,0,1958,126470,"historical",""
"The Madstone","Faralla, Dana",,,,"https://www.worldcat.org/title/madstone/oclc/810765383",,,,1958,427345,,""
"The Running Iron","Fish, Rachel Ann",,TRUE,,,,,,1957,167846,,""
"A Man to Ride With","Farris, Jack",,,222,"https://www.worldcat.org/title/man-to-ride-with/oclc/1036641512",,,,1957,168631,,""
"Silver Spoon","Gilbert, Edwin",,,,"https://www.worldcat.org/title/silver-spoon/oclc/175072348","https://www.goodreads.com/book/show/9218802-silver-spoon",3,1,1957,136792,,""
"The Hon. Rocky Slade","Haines, William Wister",,,204,"https://www.worldcat.org/title/hon-rocky-slade/oclc/5176092",,,,1957,139587,,""
"War Country","Turner, William O.",,,172,"https://www.worldcat.org/title/war-country/oclc/9477683","https://www.goodreads.com/book/show/10574012-war-country",3,1,1957,715759,,""
"Alie Dear","Barry, Arthur",,,175,"https://www.worldcat.org/title/alie-dear/oclc/13106693",,,,1956,227224,"barry alice julia ryan",""
"The Hardhats","Newell, H. M.",,,338,"https://www.worldcat.org/title/hardhats/oclc/2961634","https://www.goodreads.com/book/show/3397850-the-hardhats",2.67,3,1956,144282,"dams, northwest, labor camps, widowers, engineers, pacific northwest","pnw"
"The Frozen Jungle","Lawrence, Earl",,,182,"https://www.worldcat.org/title/frozen-jungle/oclc/1007827586",,,,1956,708859,,""
"The Seed is Sown","Boetzkes, Ottilie",,,152,"https://www.worldcat.org/title/seed-is-sown-a-historical-novel-of-life-in-revolutionary-south-america-a-century-ago/oclc/10342917",,,,1956,230659,"pedro ii emperor of brazil 1825 1891 fiction","countries"
"Murder is Insane","Barns, Glenn",,,184,"https://www.worldcat.org/title/murder-is-insane/oclc/30220846",,,,1956,130676,,""
"The Plums Hang High","Finney, Gertrude E.",,,245,"https://www.worldcat.org/title/plums-hang-high/oclc/980824430","https://www.goodreads.com/book/show/3921549-the-plums-hang-high",4.3,27,1955,126789,,""
"A German Officer","Groussard, Serge","(translator) White, Antonia",,218,"https://www.worldcat.org/title/german-officer/oclc/1901511",,,,1955,266886,,""
"The Golden Witch","Ross, Zola",,,,"https://www.worldcat.org/title/golden-witch/oclc/503715686",,,,1955,145325,,""
"A Circle of Trees","Faralla, Dana",,,221,"https://www.worldcat.org/title/circle-of-trees-a-novel/oclc/314501143",,,,1955,126522,,""
"Not the Glory","Boulle, Pierre","(translator) Fielding, Xan",,235,"https://www.worldcat.org/title/not-the-glory/oclc/271390519","https://www.goodreads.com/book/show/22589098-not-the-glory",3.4,15,1955,128457,,""
"The Seagull on the Step","Boyle, Kay",,,247,"https://www.worldcat.org/title/seagull-on-the-step/oclc/10732197","https://www.goodreads.com/book/show/25233470-the-seagull-on-the-step",3,2,1955,420954,"france","countries"
"Korean Boy","Pak, Chong-Yŏng | Carroll, Jock",,,184,"https://www.worldcat.org/title/korean-boy/oclc/835854617",,,,1955,184193,,""
"The Twelfth Physician","Gibbs, Willa",,,319,"https://www.worldcat.org/title/twelfth-physician/oclc/4768104","https://www.goodreads.com/book/show/12409939-the-twelfth-physician",4.5,2,1954,109409,"france history 1789 1815 fiction, france, historical","countries"
"Yakima","Johnson, Inez Noelle",,,322,"https://www.worldcat.org/title/yakima-a-novel/oclc/10033953",,,,1954,184072,"yakima, washington","pnw"
"The Quiet Woman","Fisher, Agnes Adams",,,,"https://www.worldcat.org/title/quiet-woman/oclc/936607406",,,,1954,183817,,""
"The Golden Fool","Divine, David",,,,"https://www.worldcat.org/title/golden-fool/oclc/752608628","https://www.goodreads.com/book/show/36305115-the-golden-fool",4,1,1954,132052,,""
"Jonathan Blair","Ellis, William Donohue",,,462,"https://www.worldcat.org/title/jonathan-blair-bounty-lands-lawyer/oclc/41211521","https://www.goodreads.com/book/show/17159257-jonathan-blair",0,0,1954,126471,"frontier and pioneer life","frontier"
"The Cave and the Rock","Faure, Raoul C.",,,276,"https://www.worldcat.org/title/cave-and-the-rock/oclc/1683669","https://www.goodreads.com/book/show/32617269-the-cave-and-the-rock",0,0,1953,615554,"godiva lady active 1040 1080",""
"Love is a Bridge","Flood, Charles Bracelen",,,349,"https://www.worldcat.org/title/love-is-a-bridge/oclc/786870","https://www.goodreads.com/book/show/11898544-love-is-a-bridge",4.5,4,1953,430993,"romance, divorce","romance"
"The Trouble at Hungerfords","Harris, Cyril",,,274,"https://www.worldcat.org/title/trouble-at-hungerfords/oclc/1084040887",,,,1953,183386,,""
"The Secret Masters","Kersh, Gerald",,,196,"https://www.worldcat.org/title/secret-masters/oclc/462914648","https://www.goodreads.com/book/show/9990623-the-secret-masters",3.7,23,1953,280920,"adventure",""
"To Follow a Flag","Henry, Will",,,165,"https://www.worldcat.org/title/to-follow-a-flag/oclc/865238837","https://www.goodreads.com/book/show/1966447.To_Follow_a_Flag",4,7,1953,166372,"yakama, indians of north america, northwest","pnw"
"My Uncle Louis","Fontaine, Robert Louis",,,294,"https://www.worldcat.org/title/my-uncle-louis/oclc/561322739",,,,1953,126933,,""
"The Naked Risk","Demarest, Phyllis Gordon",,,383,"https://www.worldcat.org/title/naked-risk/oclc/632433033",,,,1953,265962,,""
"In the Bright April Weather","Mitchell, Susanna Valentine",,,172,"https://www.worldcat.org/title/in-the-bright-april-weather/oclc/1739115",,,,1952,586208,,""
"Gateway to Fortune","Bourne, Peter",,,348,"https://www.worldcat.org/title/gateway-to-fortune/oclc/607590446",,,,1952,142084,"panama history fiction, panama","countries"
"Monkey Shines","Miers, Earl Schenck","(illustrator) Galdone, Paul",,207,"https://www.worldcat.org/title/monkey-shines-a-baseball-story/oclc/1036742377",,,,1952,314473,,""
"Yet Other Waters","James Farrell",,,319,"https://www.worldcat.org/title/yet-other-waters/oclc/63546836","https://www.goodreads.com/book/show/6891038-yet-other-waters",3.5,2,1952,165939,,""
"Splint Road","Mellinger, May",,,277,"https://www.worldcat.org/title/splint-road-a-novel/oclc/1376969",,,,1952,183174,"rural poor, working class, southern states",""
"The Citadel of the Lakes","Orr, Myron David",,,,"https://www.worldcat.org/title/citadel-of-the-lakes/oclc/964351962","https://www.goodreads.com/book/show/23704075-the-citadel-of-the-lakes",3.4,5,1952,101162,,""
"Boy at the Window","Dodson, Owen",,,211,"https://www.worldcat.org/title/boy-at-the-window-a-novel/oclc/507410547","https://www.goodreads.com/book/show/4190463-boy-at-the-window",5,4,1951,123911,,""
"Doctor in Buckskin","Allen, T. D.",,,314,"https://www.worldcat.org/title/doctor-in-buckskin/oclc/17361341","https://www.goodreads.com/book/show/3274011-doctor-in-buckskin",4,5,1951,702398,"whitman marcus 1802 1847 juvenile fiction, whitman narcissa prentiss 1808 1847 juvenile fiction","child"
"The Faith of Mrs. Kelleen","Flannigan, Katherine Mary","(illustrator) Rasmusson, Daniel",,250,"https://www.worldcat.org/title/faith-of-mrs-kelleen/oclc/224373663","https://www.goodreads.com/book/show/3291727-the-faith-of-mrs-kelleen",4.8,5,1951,126898,,""
"The Fortune Tellers","Fleming, Berry",,,442,"https://www.worldcat.org/title/fortune-tellers/oclc/5529403","https://www.goodreads.com/book/show/18165958-the-fortune-tellers",2.5,2,1951,126904,,""
"Give Me Your Golden Hand","Eaton, Evelyn",,,,"https://www.worldcat.org/title/give-me-your-golden-hand/oclc/937645374","https://www.goodreads.com/book/show/35004904-give-me-your-golden-hand",0,0,1951,125466,,""
"The Baseball Reader","Graber, Ralph",,,302,"https://www.worldcat.org/title/baseball-reader/oclc/1675666",,,,1951,259446,"baseball",""
"On the Trail of 1960","Wiley, Ray H.",,,156,"https://www.worldcat.org/title/on-the-trail-of-1960-a-utopian-novel/oclc/16810431",,,,1950,340191,"utopias in literature, utopias",""
"Young Hearts","Malets, D.","(translator) Richards, Solomon",,237,"https://www.worldcat.org/title/young-hearts-a-novel-of-modern-israel/oclc/1080658558",,,,1950,165180,,""
"God Had Seven Days","Misrock, Henry",,,279,"https://www.worldcat.org/title/god-had-seven-days/oclc/1547699",,,,1950,182695,"christian life, self-realization, creation",""
"The World at Six","Fabricius, Johan",,,224,"https://www.worldcat.org/title/world-at-six/oclc/1684350",,,,1950,597126,,""
"Laurel","Fellows, Alice",,,309,"https://www.worldcat.org/title/laurel-a-novel/oclc/31257799",,,,1950,182708,,""
"The Newel Post","Fish, Rachel Ann",,,,"https://www.worldcat.org/title/newel-post/oclc/752856538",,,,1950,182768,,""
"The Borzoi Turgenev","Turgenec, Ivan Sergeevich","(translator) Stevens, Harry",,801,"https://www.worldcat.org/title/borzoi-turgenev/oclc/1730598",,,,1950,156753,"russia, manners and customs","countries"
"This Was Alaska","Parker, Mary M.",,,237,"https://www.worldcat.org/title/this-was-alaska/oclc/18345179","https://www.goodreads.com/book/show/38591376-this-was-alaska",0,0,1950,66023,"alaska, inside passage","states"
"U.S. Stories","Foley, Martha",,,683,"https://www.worldcat.org/title/us-stories-regional-stories-from-the-forty-eight-states/oclc/1421860","https://www.goodreads.com/book/show/16060129-u-s-stories",5,1,1949,164771,"short stories american, short stories, manners and customs","short"
"Sons of Noah","Farson, Negley",,,317,"https://www.worldcat.org/title/sons-of-noah/oclc/485609898",,,,1949,126556,,""
"The Road Between","Farrell, James",,,412,"https://www.worldcat.org/title/road-between/oclc/30255540",,,,1949,151236,"authors, married people, marriage, manners, new york","states"
"Light in the Sky","Young, Agnes Brooks",,,341,"https://www.worldcat.org/title/light-in-the-sky/oclc/226060069",,,,1948,100531,"iron industry and trade, working class, capitalists and financiers",""
"Garden Shower","Running, Corinne",,,186,"https://www.worldcat.org/title/garden-shower/oclc/1806996",,,,1948,314503,,""
"Reunion at Meads","Wallace, Kathleen",,,243,"https://www.worldcat.org/title/reunion-at-meads-a-novel-of-time-and-many-women/oclc/3682162",,,,1948,163383,,""
"Fear is the Parent","Ferro, Mathilde",,,273,"https://www.worldcat.org/title/fear-is-the-parent-a-novel/oclc/1675053",,,,1948,420447,,""
"Mister St. John","Faure, Raoul C.",,,279,"https://www.worldcat.org/title/mister-st-john-a-novel/oclc/1675200","https://www.goodreads.com/book/show/32617226-mister-st-john",0,0,1947,151784,,""
"A Caravan of Music Stories by the World’s Great Authors","Fabricant, Noah",,,312,"https://www.worldcat.org/title/caravan-of-music-stories-by-the-worlds-great-authors/oclc/1213090",,,,1947,182363,"music, music, short stories","short"
"Meeko","Allen, Albert Cooper","(illustrator) Wilson, Helen Hughes",,232,"https://www.worldcat.org/title/meeko/oclc/15595173",,,,1947,164206,,""
"Home is If You Find It","Nye, Bud","(illustrator) Galdone, Paul",,251,"https://www.worldcat.org/title/home-is-if-you-find-it/oclc/1331212",,,,1947,182227,"humurous stories, minnesota, saint paul","states"
"Still to the West","Jones, Nard",,,,"https://www.worldcat.org/title/still-to-the-west/oclc/315060778","https://www.goodreads.com/book/show/7739839-still-to-the-west",4,1,1946,123740,,""
"A Frenchman Must Die","Boyle, Kay",,,213,"https://www.worldcat.org/title/frenchman-must-die/oclc/716597225","https://www.goodreads.com/book/show/12586866-a-frenchman-must-die",3,3,1946,129226,,""
"Anna Zenger","Cooper, Kent",,,345,"https://www.worldcat.org/title/anna-zenger-mother-of-freedom/oclc/906138330",,,,1946,139896,"zenger john peter 1697 1746 fiction, zenger anna catherine maulin 1704 1751 fiction",""
"Family on the Hill","Flack, Ambrose",,,247,"https://www.worldcat.org/title/family-on-the-hill-a-novel/oclc/3461637",,,,1945,151789,,""
"From Out This House","Greve, Alice Wheeler",,,299,"https://www.worldcat.org/title/from-out-this-house/oclc/780206638","https://www.goodreads.com/book/show/22173294-from-out-this-house",2,2,1945,152099,"oregon territory history fiction, oregon territory","pnw"
"Cathedral in the Sun","Fisher, Anne B.",,,408,"https://www.worldcat.org/title/cathedral-in-the-sun/oclc/7393658",,,,1945,162393,"san carlos borromeo mission, california history fiction, california","states"
"Dark Rainbow","Butler, Gerald",,,211,"https://www.worldcat.org/title/dark-rainbow/oclc/3094313",,,,1945,595076,"world war",""
"Guns of the Oregon Trail","Chiappe, Eli Albert",,,256,"https://www.worldcat.org/title/guns-of-the-oregon-trail/oclc/7935747",,,,1945,249781,,""
"Johnny Painter","Pettibone, Anita",,,314,"https://www.worldcat.org/title/johnny-painter/oclc/1895630",,,,1944,155674,"washington territory","pnw"
"Full of Thy Riches","Ferrell, Elizabeth | Ferrell, Margaret",,,315,"https://www.worldcat.org/title/full-of-thy-riches/oclc/1678776",,,,1944,596981,,""
"Broken River","Hawkins, John | Hawkins, Ward",,,134,"https://www.worldcat.org/title/broken-river/oclc/54326819",,,,1944,163553,,""
"Devil on His Trail","Hawkins, John | Hawkins, Ward",,,292,"https://www.worldcat.org/title/devil-on-his-trail/oclc/220020353",,,,1944,153652,,""
"My Mother Bids Me Bind My Hair","Sale, Elizabeth",,,244,"https://www.worldcat.org/title/my-mother-bids-me-bind-my-hair/oclc/643894263",,,,1944,163640,"families",""
"White Victory","Case, Robert Ormund",,,176,"https://www.worldcat.org/title/white-victory/oclc/30183538",,,,1943,420042,,""
"Yesterday’s Children","Warrick, LaMar",,,,"https://www.worldcat.org/title/yesterdays-children/oclc/1098342116","https://www.goodreads.com/book/show/9103935-yesterday-s-children",0,0,1943,163397,,""
"Starbuck Valley Winter","Haig-Brown, Roderick","(illustrator) De Feo, Charles",,272,"https://www.worldcat.org/title/starbuck-valley-winter/oclc/48579637","https://www.goodreads.com/book/show/2192128.Starbuck_Valley_Winter",3.67,6,1943,181907,"trappers, friendship, self-reliance, vancouver island, bildungsromans, adventure stories","countries"
"The Legend Whispered","MacArthur, Dougall",,,308,"https://www.worldcat.org/title/legend-whispered/oclc/5332512",,,,1943,163542,"apple growers, washington","pnw"
"Rice in the Wind","Wallace, Kathleen",,,294,"https://www.worldcat.org/title/rice-in-the-wind/oclc/1634886",,,,1943,162851,,""
"Sophie Halenczik, American","Feld, Rose C.","(illustrator) Alajalov, Constantin",,176,"https://www.worldcat.org/title/sophie-halenczik-american/oclc/613157864","https://www.goodreads.com/book/show/20619436-sophie-halenczik-american",2.5,2,1943,151786,"world war, women in war, war work",""
"Recitation from Memory","Sale, Elizabeth",,,298,"https://www.worldcat.org/title/recitation-from-memory/oclc/681313900",,,,1943,181909,,""
"War Tide","Lin, Tai-yi",,,287,"https://www.worldcat.org/title/war-tide/oclc/11393219",,,,1943,181922,"sino-japanese war",""
"The Voyage of Captain Bart","Erskine, John",,,307,"https://www.worldcat.org/title/voyage-of-captain-bart/oclc/917960385",,,,1943,260367,,""
"For All Men Born","Mackay, Margaret M.",,,292,"https://www.worldcat.org/title/for-all-men-born-a-novel/oclc/612920076",,,,1943,162842,,""
"Come Gentle Spring","Bolster, Evelyn",,,378,"https://www.worldcat.org/title/come-gentle-spring/oclc/2087596",,,,1942,181841,,""
"Dacey Hamilton","Van Doren, Dorothy",,,,"https://www.worldcat.org/title/dacey-hamilton-a-novel/oclc/314900442",,,,1942,154932,,""
"Novelty on Earth","Duley, Margaret",,,300,"https://www.worldcat.org/title/novelty-on-earth/oclc/612854814",,,,1942,259351,,""
"Scandal Rag","Harrington, Joseph",,,240,"https://www.worldcat.org/title/scandal-rag/oclc/5664776",,,,1942,598158,"tabloid newspapers, newspapers, political corruption",""
"Young Ames","Edmonds, Walter D.",,,318,"https://www.worldcat.org/title/young-ames/oclc/12323081","https://www.goodreads.com/book/show/6068136-young-ames",3.67,3,1942,125542,,""
"Come Back to Wayne County","Falstaff, Jack",,,244,"https://www.worldcat.org/title/come-back-to-wayne-county/oclc/557926625","https://www.goodreads.com/book/show/18158168-come-back-to-wayne-county",1,1,1942,162951,"wayne county, ohio","states"
"Enduring Riches","Flint, Margaret",,,281,"https://www.worldcat.org/title/enduring-riches/oclc/6655041",,,,1942,615144,"country life, families, husband and wife, maine","states"
"Light Down, Stranger","Pettibone, Anita",,,,"https://www.worldcat.org/title/light-down-stranger/oclc/937617762",,,,1942,156515,,""
"Faith the Root","Fleury, Barbara Frances",,,166,"https://www.worldcat.org/title/faith-the-root/oclc/220125686",,,,1942,151791,,""
"Restless are the Sails","Eaton, Evelyn",,,348,"https://www.worldcat.org/title/restless-are-the-sails/oclc/53037014","https://www.goodreads.com/book/show/7792710-restless-are-the-sails",4,5,1941,125471,"louisbourg n s history siege 1745 fiction, louisbourg, nova scotia","countries"
"Mrs. Doratt","Erskine, John",,,227,"https://www.worldcat.org/title/mrs-doratt-a-novel/oclc/906816",,,,1941,162694,,""
"The Big Snow","Falstaff, Jack",,,145,"https://www.worldcat.org/title/big-snow-christmas-at-jacobys-corners/oclc/499074",,,,1941,126757,"wayne county, ohio","states"
"Waters of the Wilderness","Seifert, Shirley",,,,"https://www.worldcat.org/title/waters-of-the-wilderness/oclc/948743262","https://www.goodreads.com/book/show/3297462-waters-of-the-wilderness",0,0,1941,162507,"clark george rogers 1752 1818 fiction",""
"Back o’ the Mountain","Flint, Margaret",,,269,"https://www.worldcat.org/title/back-o-the-mountain/oclc/952071474",,,,1940,181779,,""
"Pro Quarterback","Haines, Donal Hamilton",,,266,"https://www.worldcat.org/title/pro-quarterback/oclc/5878363",,,,1940,598124,"quarterbacks, football players",""
"Jacoby’s Corners","Falstaff, Jack",,,242,"https://www.worldcat.org/title/jacobys-corners/oclc/698033",,,,1940,126758,"wayne county, ohio","states"
"A Castle in Carinthia","Fabricius, Johan","(translator) Renier, G.J. | (translator) Hallett, David",,,"https://www.worldcat.org/title/castle-in-carinthia/oclc/937942337",,,,1940,598084,,""
"Morning Shows the Day","Bolster, Evelyn",,,301,"https://www.worldcat.org/title/morning-shows-the-day/oclc/760064919",,,,1940,233820,,""
"Sparks from Home Fires","Monroe, Anne Shannon",,,267,"https://www.worldcat.org/title/sparks-from-home-fires/oclc/1488271",,,,1940,154692,"country life oregon, country life, oregon","pnw"
"From What Dark Roots...","Findley, Francine",,,292,"https://www.worldcat.org/title/from-what-dark-roots/oclc/560560498",,,,1940,596967,,""
"No Hour of History","Ford, Elisabeth",,,330,"https://www.worldcat.org/title/no-hour-of-history-a-novel/oclc/615151314",,,,1940,151796,,""
"Among the Sourdoughs","Simonsen, Sigurd Jay",,,153,"https://www.worldcat.org/title/among-the-sourdoughs-a-novel/oclc/774505460",,,,1940,128059,,""
"A Matter of Business","Farnol, Jeffery",,,320,"https://www.worldcat.org/title/matter-of-business/oclc/651964064","https://www.goodreads.com/book/show/40018276-a-matter-of-business-and-other-stories",,,1940,162572,"romance, historical","romance"
"Treasure Below","Ellsberg, Edward",,,305,"https://www.worldcat.org/title/treasure-below/oclc/547420348",,,,1940,181760,"deep diving, treasure troves",""
"Wide Road Ahead","Fisher, Anne B.",,,276,"https://www.worldcat.org/title/wide-road-ahead-the-story-of-a-woman-bacteriologist/oclc/1415319",,,,1939,597125,"women bacteriologists",""
"The Days are Fled","Marks, Percy",,TRUE,,,,,,1939,162275,,""
"Yesterday’s Dreams","Feiner, Ruth",,,,"https://www.worldcat.org/title/yesterdays-dreams/oclc/937429223",,,,1939,151785,,""
"Dr. Bradley Remembers","Young, Francis Brett",,,359,"https://www.worldcat.org/title/dr-bradley-remembers/oclc/990290829","https://www.goodreads.com/book/show/6703210-dr-bradley-remembers",3.75,4,1938,147408,,""
"To Remember at Midnight","Foster, Michael",,,281,"https://www.worldcat.org/title/to-remember-at-midnight/oclc/916544207",,,,1938,151797,,""
"Little Saints Annoy the Lord","Hutchinson, Arthur Howard",,,227,"https://www.worldcat.org/title/little-saints-annoy-the-lord/oclc/11476365",,,,1938,155487,"whitman marcus 1802 1847 fiction",""
"Spirit of the Wild Rosebush","Laughon, Albert J.",,,362,"https://www.worldcat.org/title/spirit-of-the-wild-rosebush-a-novel-of-the-pioneer-period-of-the-inland-empire/oclc/760717749",,,,1938,764923,"frontier and pioneer life","frontier"
"A Great Lord","Frischauer, Paul","(translator) Blewitt, Phyllis | (translator) Blewitt, Trevor",,348,"https://www.worldcat.org/title/great-lord/oclc/4561976",,,,1937,294787,,""
"Down the Dark Street","Fenton, Jessie",,,,"https://www.worldcat.org/title/down-the-dark-street/oclc/314522461","https://www.goodreads.com/book/show/18857221-down-the-dark-street",3,1,1937,596980,,""
"Towers with Ivy","Moody, Minnie Hite",,,314,"https://www.worldcat.org/title/towers-with-ivy/oclc/32111397",,,,1937,596062,,""
"The Wooden Pillow","Fallas, Carl",,,244,"https://www.worldcat.org/title/wooden-pillow/oclc/459470539",,,,1936,151780,,""
"Fires Underground","Liepman, Heinz","(translator) Clark, R.T.",,300,"https://www.worldcat.org/title/fires-underground-a-narrative-of-the-secret-struggle-carried-on-by-the-illegal-organizations-in-germany-under-penalty-of-death/oclc/255675582",,,,1936,743537,"germany history 1933 1945 fiction, germany","countries"
"Rico","de Fierro Blanco, Antonio","Antonio",,,"https://www.worldcat.org/title/rico-bandit-and-dictator-a-novel/oclc/314534966",,,,1934,213892,,""
"Mostly Canallers","Edmonds, Walter D.",,,467,"https://www.worldcat.org/title/mostly-canallers-collected-stories/oclc/15588970","https://www.goodreads.com/book/show/2615553-mostly-canallers",3.8,5,1934,125539,"erie canal, canals, manners and customs, new york","states"
"Blue Gold","Getty, Agnes K.",,,358,"https://www.worldcat.org/title/blue-gold-a-romance-of-the-rockies/oclc/17430716",,,,1934,199991,"rocky mountains, mountain life",""
"The New House","Kendall, Nancy Noon",,,388,"https://www.worldcat.org/title/new-house/oclc/613091988",,,,1934,154173,,""
"Papa La Fleur","Gale, Zona",,,154,"https://www.worldcat.org/title/papa-la-fleur/oclc/16516926",,,,1933,420245,,""
"Mutiny on the Long Trail","Rea, Ella M.",,,98,"https://www.worldcat.org/title/mutiny-on-the-long-trail/oclc/5933222",,,,1933,206989,"frontier and pioneer life, families, wagon trains","frontier"
"Drei Soldaten","Dos Passos, John",,TRUE,,,,,,1932,133078,"world war 1914 1918 fiction",""
"A Romance of Old Fort Hall","Teicher, Minerva Kohlhepp",,,165,"https://www.worldcat.org/title/romance-of-old-fort-hall/oclc/5139238","https://www.goodreads.com/book/show/25028764-a-romance-of-old-fort-hall",0,0,1932,161229,"fort hall idaho, fort hall, idaho, frontier and pioneer life, indians of north america","frontier, pnw"
"The Loop","Thirteen Oregon Authors",,,259,"https://www.worldcat.org/title/loop-a-tale-of-the-oregon-country/oclc/1870689",,,,1931,161199,"oregon, short stories","pnw, short"
"The Return of the Hero","Figgis, Darrell",,,221,"https://www.worldcat.org/title/return-of-the-hero/oclc/804911926",,,,1930,615553,,""
"This Side of Jordan","Bradford, Roark",,,225,"https://www.worldcat.org/title/this-side-of-jordan/oclc/918194344",,,,1929,583932,,""
"The Seven Vices","Ferrero, Guglielmo","(translator) Livingston, Arthur | (translator) Abbott, Elisabeth",,,"https://www.worldcat.org/title/seven-vices-a-novel-of-italy-in-our-own-times/oclc/570911139",,,,1929,615538,"italy",""
"The Maurizius Case","Wassermann, Jakob","(translator) Newton, Caroline",,546,"https://www.worldcat.org/title/maurizius-case/oclc/13206011","https://www.goodreads.com/book/show/1888269.The_Maurizius_Case",4.02,109,1929,163403,,""
"Pelts and Powder","McKelvie, B.A.",,,238,"https://www.worldcat.org/title/pelts-and-powder-a-study-of-the-west-coast-in-the-making/oclc/71370355",,,,1929,747330,"canada, discoveries and exploration, discoveries in geography","countries"
"General Crack","George Preedy",,,,,"https://www.goodreads.com/book/show/8736270-general-crack",4,1,1928,418450,,""
"As a Woman Sows","Hales, A. G.",,,288,"https://www.worldcat.org/title/as-a-woman-sows/oclc/13392011",,,,1928,206667,,""
"The Grandson","Dixelius, Hildur","(translator) Settergren, A.C.",,273,"https://www.worldcat.org/title/grandson-a-sequel-to-the-son/oclc/4651546",,,,1928,595084,,""
"Chuck Ryan","Pierce, Frank Richardson",,,,"https://www.worldcat.org/title/chuck-ryan-logger/oclc/12374448",,,,1928,212963,,""
"That Island","Marshall, Archibald",,,346,"https://www.worldcat.org/title/that-island/oclc/492764176",,,,1927,600447,,""
"East Side West Side","Riesenberg, Felix",,,376,"https://www.worldcat.org/title/east-side-west-side/oclc/32785380","https://www.goodreads.com/book/show/8666321-east-side-west-side",2,1,1927,211038,,""
"Worlds’ Ends","Wassermann, Jakob","(translator) Galantière, Lewis",,278,"https://www.worldcat.org/title/worlds-ends/oclc/3691855",,,,1927,322252,,""
"Chechahco and Sourdough","Bone, Scott C.",,,281,"https://www.worldcat.org/title/chechahco-and-sourdough-a-story-of-alaska/oclc/960053555",,,,1926,65321,,""
"Preface to Life","Gale, Zona",,,,"https://www.worldcat.org/title/preface-to-a-life/oclc/185470871",,,,1926,160852,,""
"The Castle of San Salvo","Clarke, Isabel C.",,,416,"https://www.worldcat.org/title/castle-of-san-salvo-a-novel/oclc/3929349",,,,1926,251145,,""
"Friends of Mr. Sweeney","Davis, Elmer Holmes",,,282,"https://www.worldcat.org/title/friends-of-mr-sweeney/oclc/367070365","https://www.goodreads.com/book/show/22744882-friends-of-mr-sweeney",0,0,1925,211650,,""
"Soundings","Gibbs, A. Hamilton",,,320,"https://www.worldcat.org/title/soundings-a-novel/oclc/2006454","https://www.goodreads.com/book/show/6435946-soundings",3.5,6,1925,152073,,""
"The Abbé Constantin","Halévy, Ludovic",,TRUE,,,,,,1923,595066,,""
"The Penitent","Underwood, Edna Worthley",,,367,"https://www.worldcat.org/title/penitent/oclc/681600931","https://www.goodreads.com/book/show/44256418-the-penitent",0,0,1922,316171,"alexander i emperor of russia 1777 1825 fiction","countries"
"Life","Bojer, Johan","(translator) Muir, Jessie",,,"https://www.worldcat.org/title/life/oclc/944425373","https://www.goodreads.com/book/show/44737882-life",0,0,1920,291955,,""
"The Statue in the Wood","Pryce, Richard",,,,"https://www.worldcat.org/title/statue-in-the-wood/oclc/940835356","https://www.goodreads.com/book/show/6779422-the-statue-in-the-wood",0,0,1918,206979,,""
"The Inn of Disenchantment","Ysaye, Lisa",,,156,"https://www.worldcat.org/title/inn-of-disenchantment/oclc/42428251",,,,1917,221090,,""
"The Willow Weaver","Wood, Michael",,,143,"https://www.worldcat.org/title/willow-weaver-and-seven-other-tales/oclc/20645047","https://www.goodreads.com/book/show/12656604-the-willow-weaver-and-seven-other-tales",0,0,1916,592443,,""
"Petey Simmons at Siwash","Fitch, George","(illustrator) Widney, G.C.",,,"https://www.worldcat.org/title/petey-simmons-at-siwash/oclc/1083987242","https://www.goodreads.com/book/show/17738000-petey-simmons-at-siwash",4,1,1916,615551,,""
"Content with Flies","Findlater, Mary",,,,"https://www.worldcat.org/title/content-with-flies/oclc/946018284","https://www.goodreads.com/book/show/14398223-content-with-flies",0,0,1916,596965,,""
"Club Stories","Washington State Federation of Women's Clubs",,TRUE,,,,,,1915,332612,"short stories american washington state","pnw, short"
"The Rim of the Desert","Anderson, Ada Woodruff",,,,"https://www.worldcat.org/title/rim-of-the-desert/oclc/990958050","https://www.goodreads.com/book/show/7608871-the-rim-of-the-desert",0,0,1915,160471,,""
"Fingers That See","Buskett, Nancy",,,138,"https://www.worldcat.org/title/fingers-that-see/oclc/6783315","https://www.goodreads.com/book/show/34361643-fingers-that-see",0,0,1914,244822,,""
"The White Stone","France, Anatole",,,120,"https://www.worldcat.org/title/white-stone/oclc/958517150","https://www.goodreads.com/book/show/3119719-the-white-stone",2.87,15,1914,3147634,"french fiction translations into english","countries"
"Crossriggs","Findlater, Mary",,,380,"https://www.worldcat.org/title/crossriggs/oclc/623300003","https://www.goodreads.com/book/show/6386593-crossriggs",4.07,29,1913,596966,,""
"Paul Carah, Cornishman","Lee, Charles","(illustrator) Browne, Gordon",,,"https://www.worldcat.org/title/paul-carah-cornishman/oclc/1007066534","https://www.goodreads.com/book/show/37463834-paul-carah-cornishman",0,0,1912,219033,,""
"The Dangerous Age","Michaëlis, Karin","(translator) Michaëlis, Karin",,,"https://www.worldcat.org/title/dangerous-age-letters-fragments-from-a-womans-diary/oclc/1083902519","https://www.goodreads.com/book/show/542731.The_Dangerous_Age",3.35,48,1911,431178,,""
"The Superintendent","Grissom, Irene Welch",,,228,"https://www.worldcat.org/title/superintendent/oclc/228686556","https://www.goodreads.com/book/show/18335598-the-superintendent",2,1,1910,260421,,""
"John Marvel, Assistant","Page, Thomas Nelson",,,,"https://www.worldcat.org/title/john-marvel-assistant/oclc/1084239043","https://www.goodreads.com/book/show/32161001-john-marvel-assistant-vol-2",0,0,1909,208868,,""
"The Strain of White","Anderson, Ada Woodruff",,,,"https://www.worldcat.org/title/strain-of-white/oclc/1084233566","https://www.goodreads.com/book/show/25820681-the-strain-of-white",3,1,1909,160578,,""
"A Half-Breed Dance, And Other Far Western Stories","Kemp, Randall Harold",,,,"https://www.worldcat.org/title/half-breed-dance-and-other-far-western-stories-mining-camp-indian-and-hudsons-bay-tales/oclc/940465669","https://www.goodreads.com/book/show/31757546-a-half-breed-dance-and-other-far-western-stories",0,0,1909,747411,,""
"The Romance of a Poor Young Man","Feuillet, Octave",,,54,"https://www.worldcat.org/title/honor-before-wealth-or-the-romance-of-a-poor-young-man-a-drama-in-four-acts/oclc/1013368702","https://www.goodreads.com/book/show/1428493.The_Romance_of_a_Poor_Young_Man",3.93,43,1908,262509,,""
"Flowers o’ the Orange","Castle, Agnes | Castle, Egerton",,,,"https://www.worldcat.org/title/flower-o-the-orange-and-other-stories/oclc/1083980035","https://www.goodreads.com/book/show/30597110-flower-o-the-orange",0,0,1908,244370,,""
"Lonely Lady of Grosvenor Square","De La Pasture, Henry",,,,"https://www.worldcat.org/title/lonely-lady-of-grosvenor-square/oclc/940470079","https://www.goodreads.com/book/show/11738566-the-lonely-lady-of-grosvenor-square",4.5,2,1907,211580,,""
"The Clammer","Hopkins, William John",,,,"https://www.worldcat.org/title/clammer/oclc/935133607","https://www.goodreads.com/book/show/26303156-the-clammer",5,1,1906,208479,,""
"The Passing of a Race and More Tales of Western Life","Higgins, David William",,,,"https://www.worldcat.org/title/passing-of-a-race-and-more-tales-of-western-life/oclc/926731042","https://www.goodreads.com/book/show/11004484-the-passing-of-a-race",0,0,1905,286229,,""
"The Rivals","Coppée, François",,,99,"https://www.worldcat.org/title/rivals/oclc/669184649",,,,1905,261505,,""
"Slaves of Success","Flower, Elliott","(illustrator) Hambridge, Jay",,,"https://www.worldcat.org/title/slaves-of-success/oclc/940841482","https://www.goodreads.com/book/show/32534471-slaves-of-success",0,0,1905,268083,,""
"An Evans of Suffolk","Farquhar, Anna",,,408,"https://www.worldcat.org/title/evans-of-suffolk/oclc/951278158",,,,1904,212002,,""
"Burlesques","Thackeray, William Makepeace",,,282,"https://www.worldcat.org/title/burlesques/oclc/224682019","https://www.goodreads.com/book/show/1264334.Burlesques",3,17,1904,716308,,""
"Trent’s Trust","Harte, Bret",,,264,"https://www.worldcat.org/title/trents-trust-the-crusade-of-the-excelsior/oclc/610403378","https://www.goodreads.com/book/show/26994581-trent-s-trust",3,1,1903,18040,,""
"The Romance of an Old Fool","Field, Roswell Martin",,,,"https://www.worldcat.org/title/romance-of-an-old-fool/oclc/920917702","https://www.goodreads.com/book/show/7466969-the-romance-of-an-old-fool",3.29,7,1902,212446,,""
"A Dornfield Summer","Haley, Mary Murkland","(illustrator) Richards, Hariet Roosevelt",,302,"https://www.worldcat.org/title/dornfield-summer/oclc/20214295",,,,1902,286409,,""
"Fomá Grodyéeff","Gorky, Maksim","(translator) Hapgood, Isabel F.",TRUE,,,,,,1901,341288,,""
"From Sand Hill to Pine | A Tourist from Injianny","Harte, Bret",,,,"https://www.worldcat.org/title/from-sand-hill-to-pine-and-a-tourist-from-injianny/oclc/926907024","https://www.goodreads.com/book/show/28954664-from-sand-hill-to-pine-tourist-from-injianny",4.33,3,1900,18029,,""
"Gambara","Balzac, Honoré de","(translator) Walls, Thos. H. | (translator) Massimila Doni",,49,"https://www.worldcat.org/title/gambara/oclc/170925854","https://www.goodreads.com/book/show/1429645.Gambara",3.27,105,1899,223757,,""
"The Accursed Child","Balzac, Honoré de","(translator) Ives, G. Burnham",TRUE,,,,3.5,2,,,,""
"Their Silver Wedding Journey","Howells, William Dean",,,,"https://www.worldcat.org/title/their-silver-wedding-journey/oclc/181792387","https://www.goodreads.com/book/show/11335158-their-silver-wedding-journey",4.29,7,1899,200763,,""
"Madame Thérèse","Erckmann, Emile | Chatrain, Alexandre",,,,"https://www.worldcat.org/title/madame-therese-or-the-volunteers-of-92/oclc/983869548","https://www.goodreads.com/book/show/8944902-madame-th-r-se#",2.5,2,1898,431417,"france history revolution 1789 1799 fiction","countries"
"Rex Wayland’s Fortune","Stanley, H. A.",,,391,"https://www.worldcat.org/title/rex-waylands-fortune/oclc/43441486",,,,1898,3002586,"washington state fiction","pnw"
"The Story of an Untold Love","Ford, Paul Leicester",,,,"https://www.worldcat.org/title/story-of-an-untold-love/oclc/1007044860","https://www.goodreads.com/book/show/19053788-the-story-of-an-untold-love",3.67,12,1897,216011,,""
"Thankful Blossom","Harte, Bret",,,,"https://www.worldcat.org/title/thankful-blossom/oclc/1084368712","https://www.goodreads.com/book/show/9835368-thankful-blossom",4.5,2,1896,139652,,""
"The Holy Cross","Field, Eugene",,,112,"https://www.worldcat.org/title/in-a-hollow-of-the-hills/oclc/52218670","https://www.goodreads.com/book/show/11570136-the-holy-cross-and-other-tales",2,5,1896,594202,,""
"In a Hollow of the Hills","Harte, Bret",,,,"https://www.worldcat.org/title/in-a-hollow-of-the-hills/oclc/1078556323","https://www.goodreads.com/book/show/1685477.In_a_Hollow_of_the_Hills",3.5,16,1895,437482,,""
"The Honorable Peter Stirling and What People Thought of Him","Ford, Paul Leicester",,,619,"https://www.worldcat.org/title/honorable-peter-stirling-and-what-people-thought-of-him/oclc/953660555","https://www.goodreads.com/book/show/19490871-the-honorable-peter-stirling-and-what-people-thought-of-him",4.17,12,1894,126947,,""
"His Vanished Star","Craddock, Charles Egbert",,,,"https://www.worldcat.org/title/his-vanished-star/oclc/940489723","https://www.goodreads.com/book/show/44816174-his-vanished-star",0,0,1894,215086,,""
"The House","Field, Eugene",,,,"https://www.worldcat.org/title/house/oclc/980283144","https://www.goodreads.com/book/show/2624343-the-house",3.75,4,1893,420088,,""
"Colonel Starbottle’s Client","Harte, Bret",,,,"https://www.worldcat.org/title/colonel-starbottles-client-and-some-other-people/oclc/1083967677","https://www.goodreads.com/book/show/1402664.Colonel_Starbottle_s_Client",3.7,10,1892,279379,,""
"Ten Tales","Coppée, François",,,,"https://www.worldcat.org/title/ten-tales/oclc/920917499","https://www.goodreads.com/book/show/3286672-ten-tales",3.67,9,1890,261498,,""
"A Ward of the Golden Gate","Harte, Bret",,,259,"https://www.worldcat.org/title/ward-of-the-golden-gate-the-heritage-of-dedlow-marsh-and-other-tales/oclc/1819478","https://www.goodreads.com/book/show/14327948-a-ward-of-the-golden-gate",4,4,1890,18041,,""
"The Reverberator","James, Henry",,,,"https://www.worldcat.org/title/reverberator-dodo-press/oclc/154804210","https://www.goodreads.com/book/show/1403563.The_Reverberator",3.37,145,1888,287374,,""
"A Phyllis of the Sierras, and A Drift from Redwood Camp","Harte, Bret",,,,"https://www.worldcat.org/title/phyllis-of-the-sierras-and-a-drift-from-redwood-camp/oclc/1101663477","https://www.goodreads.com/book/show/31894885-a-millionaire-of-rough-and-ready",0,0,1887,284291,,""
"Monsieur de Camors","Feuillet, Octave",,,,"https://www.worldcat.org/title/monsieur-de-camors/oclc/59770022","https://www.goodreads.com/book/show/9469454-monsieur-de-camors",4.33,3,1884,715564,,""
"Asmodeus, or The Devil Upon Two Sticks","Le Sage, Alain René",,TRUE,,,,,,1707,317673,,""
"The Best Continental Short Stories of 1926",,,TRUE,,,,,,,514236,"short stories european periodicals","countries, short"
