start,stop,caption,laugh,group,timeStart,timeStop
0:00:28,0:00:32,Hi. Hello! Welcome! Thank you! ,0,0-intro,28,32
0:00:32,0:00:35,Thank you for coming. Hello!,0,0-intro,32,35
0:00:35,0:00:37,Hello.,0,0-intro,35,37
0:00:37,0:00:41,"We are gonna have to get this shit over with,",0,0-intro,37,41
0:00:41,0:00:44,"cause I have to pee in, like, ten minutes.",2,0-intro,41,44
0:00:46,0:00:49,"But thank you, everybody, so much for coming. Um...",0,0-intro,46,49
0:00:49,0:00:53,It's a very exciting day for me. It's been a very exciting year for me.,0,6-getting older,49,53
0:00:53,0:00:56,I turned 33 this year.,0,6-getting older,53,56
0:00:56,0:00:59,"[people whooping] Yes! Thank you, five people.",2,6-getting older,56,59
0:00:59,0:01:02,I appreciate that. ,0,6-getting older,59,62
0:01:02,0:01:05,"Uh, I can tell that I'm getting older,",0,10-jealousy,62,65
0:01:05,0:01:10,"because, now, when I see an 18-year-old girl,",0,10-jealousy,65,70
0:01:10,0:01:13,my automatic thought...,0,10-jealousy,70,73
0:01:13,0:01:17,"is ""Fuck you."" ",3,10-jealousy,73,77
0:01:18,0:01:22,"""Fuck you. I don't even know you, but fuck you""!",1,10-jealousy,78,82
0:01:23,0:01:25,Cause I'm straight up jealous.,0,10-jealousy,83,85
0:01:25,0:01:29,"I'm jealous, first and foremost, of their metabolism.",0,16-metabolism,85,89
0:01:29,0:01:32,"Because 18-year-old girls, they could just eat like shit,",0,16-metabolism,89,92
0:01:32,0:01:36,"and then they take a shit and have a six-pack, right?",2.5,16-metabolism,92,96
0:01:36,0:01:39,They got that-that beautiful inner thigh clearance,0,19-inner thigh clearance,96,99
0:01:39,0:01:43,where they put their feet together and there's that huge gap here,0,19-inner thigh clearance,99,103
0:01:43,0:01:48,with the light of potential just radiating through.,0,19-inner thigh clearance,103,108
0:01:48,0:01:51,[vocalizing] ,5.5,19-inner thigh clearance,108,111
0:01:54,0:01:57,"And then, when they go to sleep, they just go to sleep.",0,23-sleep,114,117
0:01:57,0:02:00,Right? They don't have insomnia yet.,0,23-sleep,117,120
0:02:00,0:02:03,They don't know what it's like to have to take a Ambien,1,23-sleep,120,123
0:02:04,0:02:08,or download a Meditation Oasis podcast,1,23-sleep,124,128
0:02:08,0:02:13,to calm the chatter of regret and resentment towards your family,0.5,23-sleep,128,133
0:02:14,0:02:16,just cluttering your mind.,4,23-sleep,134,136
0:02:20,0:02:22,They have their whole lives ahead of them.,0,23-sleep,140,142
0:02:22,0:02:24,They don't have HPV yet.,1,23-sleep,142,144
0:02:24,0:02:28,They just go to sleep in peace at night.,3,23-sleep,144,148
0:02:34,0:02:38,"Everybody has HPV, OK?",2,32-hpv,154,158
0:02:38,0:02:40,Everybody has it. It's OK.,0,32-hpv,158,160
0:02:40,0:02:42,Come out already. Everybody has it.,0,32-hpv,160,162
0:02:42,0:02:45,"If you don't have it yet, you go and get it.",3,32-hpv,162,165
0:02:45,0:02:48,You go and get it. It's coming.,0,32-hpv,165,168
0:02:49,0:02:52,"You don't have HPV yet, you're a fucking loser, all right?",1.5,32-hpv,169,172
0:02:53,0:02:54,That's what that says about you.,0,32-hpv,173,174
0:02:56,0:02:59,"A lot of men don't know that they have HPV,",0,39-men and hpv,176,179
0:02:59,0:03:02,because it's undetectable in men.,0,39-men and hpv,179,182
0:03:02,0:03:07,It's really fucked up. HPV is a ghost that lives inside men's bodies,0,39-men and hpv,182,187
0:03:07,0:03:10,"and says, ""Boo""! in women's bodies. ",3.5,39-men and hpv,187,190
0:03:17,0:03:21,My doctor told me that I have one of two strains of HPV.,0,43-doctor and hpv,197,201
0:03:21,0:03:25,Either I have the kind that's gonna turn into cervical cancer...,0,43-doctor and hpv,201,205
0:03:28,0:03:32,...or I have the kind where my body will heal itself.,2,43-doctor and hpv,208,212
0:03:36,0:03:39,"Very helpful, this doctor, right?",2.5,43-doctor and hpv,216,219
0:03:40,0:03:43,"So, basically, either I'm gonna die...",0,43-doctor and hpv,220,223
0:03:44,0:03:46,"or you're in the presence of Wolverine, bitches.",4.5,43-doctor and hpv,224,226
0:03:49,0:03:50,We'll find out.,0,43-doctor and hpv,229,230
0:03:53,0:03:56,"Um, I can also tell that I'm getting older,",0,50-self-help,233,236
0:03:56,0:04:00,because my Kindle is turning into a self-help library.,1,50-self-help,236,240
0:04:02,0:04:06,"I'm not interested in books like *Fifty Shades of Grey,* OK?",0,50-self-help,242,246
0:04:06,0:04:11,I'm interested in *The Life-Changing Magic of Tidying Up.*,2,50-self-help,246,251
0:04:12,0:04:16,"Yes. Yes, that's right, how to declutter my home",0.25,50-self-help,252,256
0:04:16,0:04:20,to achieve inner peace and my optimum level of success.,1.5,50-self-help,256,260
0:04:22,0:04:25,That's what your 30s is all about. How can I turn this shit around?,1,50-self-help,262,265
0:04:25,0:04:29,"I'm a horrible person, I'm not happy with where I am,",0,50-self-help,265,269
0:04:29,0:04:33,"how can I turn this shit around? Help me, Tony Robbins, help me!",1,50-self-help,269,273
0:04:34,0:04:36,"I have a hoarding problem,",0,59-hoarding,274,276
0:04:36,0:04:39,which I'm hoping is the center of all of my other problems.,1,59-hoarding,276,279
0:04:39,0:04:43,"I'm hoping that if the hoarding goes away, the HPV will also disappear.",2,59-hoarding,279,283
0:04:46,0:04:51,I have a hoarding problem because my mom is from a third world country,0,62-blaming mom,286,291
0:04:51,0:04:55,"and she taught me that you can never throw away anything,",0,62-blaming mom,291,295
0:04:55,0:04:59,because you never know when a dictator's gonna overtake the country,0,62-blaming mom,295,299
0:04:59,0:05:01,and snatch all your wealth.,0,62-blaming mom,299,301
0:05:01,0:05:04,"So, you better hold onto that retainer from the third grade,",1,62-blaming mom,301,304
0:05:04,0:05:06,cause it might come in handy as a shovel,0,62-blaming mom,304,306
0:05:06,0:05:09,when you're busy stuffing gold up your butt,5.5,62-blaming mom,306,309
0:05:09,0:05:12,and running away from the Communists. ,0,62-blaming mom,309,312
0:05:17,0:05:19,"The last time I was at home in San Francisco,",0,70-San Fransisco,317,319
0:05:19,0:05:21,I was trying to help her get rid of shit.,0,70-San Fransisco,319,321
0:05:21,0:05:26,Don't ever do that with your mom. It was like the worst experience of my life.,0,70-San Fransisco,321,326
0:05:26,0:05:27,It was so emotional.,0,70-San Fransisco,326,327
0:05:28,0:05:32,We were screaming and fighting and yelling and it all came to a climax,0,70-San Fransisco,328,332
0:05:32,0:05:34,when she refused to let go,0,70-San Fransisco,332,334
0:05:34,0:05:38,of a Texas Instruments TI-82...,0,70-San Fransisco,334,338
0:05:38,0:05:39,manual.,5.5,70-San Fransisco,338,339
0:05:46,0:05:48,The manual. She don't even know...,0,70-San Fransisco,346,348
0:05:48,0:05:50,where the calculator is.,1,70-San Fransisco,348,350
0:05:50,0:05:52,Those of you under 25,0,80-calculator,350,352
0:05:52,0:05:55,probably don't know what that calculator is.,0.75,80-calculator,352,355
0:05:55,0:05:58,It was this calculator that bamboozled my generation.,0.75,80-calculator,355,358
0:05:58,0:06:02,We were all required to buy it when we were in eight grade.,0.5,80-calculator,358,362
0:06:02,0:06:06,It cost like $200.,1.5,80-calculator,362,366
0:06:06,0:06:10,And everybody thought it was like this Judy Jetson's laptop from the future.,1,80-calculator,366,370
0:06:10,0:06:12,All because what?,0,80-calculator,370,372
0:06:12,0:06:15,It could graph. ,6.5,80-calculator,372,375
0:06:17,0:06:19,It was like the Tesla of my time.,0,80-calculator,377,379
0:06:23,0:06:26,And my mom got so emotional about the manual,0,70-San Fransisco,383,386
0:06:26,0:06:30,"and she was like, ""You never know when you might need this.""",0,70-San Fransisco,386,390
0:06:30,0:06:33,"And I was like, ""But... I do know...",0,70-San Fransisco,390,393
0:06:33,0:06:36,"that I'm gonna have to clean all this shit up when you die.""",2,70-San Fransisco,393,396
0:06:38,0:06:42,"""And I'm not trying to be a procrastinator anymore.",1,6-getting older,398,402
0:06:42,0:06:45,"Because according to Deepak-Oprah,",0,6-getting older,402,405
0:06:46,0:06:50,"that's not the way for me to achieve my optimum level of success.""",3.5,6-getting older,406,410
0:06:55,0:06:58,I grew up a lot this past year.,0,96-marriage,415,418
0:06:58,0:07:00,"Uh, this past year I also got married.",0,96-marriage,418,420
0:07:01,0:07:03,Yeah.,0,96-marriage,421,423
0:07:06,0:07:10,To a man who now has HPV. ,3,96-marriage,426,430
0:07:11,0:07:14,Very lucky guy.,1,96-marriage,431,434
0:07:14,0:07:16,He gave me something.,0,96-marriage,434,436
0:07:16,0:07:19,I gave him something. ,0.75,96-marriage,436,439
0:07:19,0:07:22,That will also last forever.,1,96-marriage,439,442
0:07:22,0:07:25,"No, really. I'm the lucky girl,",0,104-lucky,442,445
0:07:25,0:07:28,"because before him, I dated a lot of losers.",0,105-skaters,445,448
0:07:28,0:07:31,Lots of losers. A lot of skaters.,1,105-skaters,448,451
0:07:33,0:07:37,"You wanna be a grown-ass woman, stop dating skaters.",0,105-skaters,453,457
0:07:37,0:07:42,Stop dating skaters unless you wanna wake up on a mattress in a kitchen.,3.5,105-skaters,457,462
0:07:45,0:07:50,"They're sexy on the outside, malt liquor on the inside.",0.5,105-skaters,465,470
0:07:50,0:07:51,Horrible.,0.5,105-skaters,470,471
0:07:52,0:07:55,"But my husband, I first met him at this wedding",0,111-met husband,472,475
0:07:55,0:07:57,"and, uh, he's-- he's much better looking than me,",0,111-met husband,475,477
0:07:58,0:07:59,"he's way out of my league,",0,111-met husband,478,479
0:07:59,0:08:03,"and I saw him and I was like, ""Oh, my God, who is that?""",0.5,111-met husband,479,483
0:08:03,0:08:07,"And the first thing I learned about him was that, at the time,",0,111-met husband,483,487
0:08:07,0:08:11,he was attending Harvard Business School.,0,111-met husband,487,491
0:08:11,0:08:15,"And I was like, ""Oh, my God, I'm gonna trap his ass.""",4.5,111-met husband,491,495
0:08:20,0:08:23,"""Going to trap his ass""!",0.5,111-met husband,500,503
0:08:23,0:08:26,And I trapped his ass initially,0,111-met husband,503,506
0:08:26,0:08:29,"by not kissing him until the fifth date,",0,111-met husband,506,509
0:08:29,0:08:32,which is a very unusual move on my part.,0.5,111-met husband,509,512
0:08:33,0:08:34,"But I did it on purpose,",0,111-met husband,513,514
0:08:34,0:08:36,because I knew that he was a catch.,0,111-met husband,514,516
0:08:36,0:08:39,"So I was like, ""All right, Ali, you gotta make this dude believe",0,124-trap men,516,519
0:08:40,0:08:42,"that your body is a secret garden.""",4.5,124-trap men,520,522
0:08:48,0:08:50,"When, really, it's a public park...",7.5,124-trap men,528,530
0:08:59,0:09:01,...that has hosted many reggae fests...,3.5,124-trap men,539,541
0:09:06,0:09:08,...and has even accidentally let...,0,124-trap men,546,548
0:09:11,0:09:14,two homeless people inside.,1.5,129-homeless,551,554
0:09:14,0:09:17,"I thought they were hipsters, OK? ",2,130-hipsters,554,557
0:09:18,0:09:22,That store Urban Outfitters has made things very confusing...,1,130-hipsters,558,562
0:09:22,0:09:24,for my generation.,0.5,130-hipsters,562,564
0:09:24,0:09:26,You homeless or you a hipster?,0.75,130-hipsters,564,566
0:09:26,0:09:29,Is that beard for fashion or for warmth?,4.5,130-hipsters,566,569
0:09:34,0:09:36,It happened to...,0,129-homeless,574,576
0:09:36,0:09:38,"It happened in San Francisco, when I was living there,",0,129-homeless,576,578
0:09:38,0:09:40,and I saw this guy in broad daylight,0,129-homeless,578,580
0:09:40,0:09:44,"and we had, like, we had... We had so much chemistry.",0,129-homeless,580,584
0:09:44,0:09:46,"He was like, ""Hey, wassup?""",0,129-homeless,584,586
0:09:46,0:09:48,"I was like, ""Wassup?""",0.75,129-homeless,586,588
0:09:48,0:09:50,"And we-- The next thing I knew,",0,129-homeless,588,590
0:09:50,0:09:53,we were getting busy in the back of my Volvo.,0,129-homeless,590,593
0:09:53,0:09:57,"And then after we were done, he was like, ""Hey, can you drop me off?""",0,129-homeless,593,597
0:09:57,0:10:00,"I was like, ""Where?"" He was like, ""At the park.""",0.75,129-homeless,597,600
0:10:01,0:10:03,And I dropped him off at Golden Gate Park,0,129-homeless,601,603
0:10:03,0:10:07,"and watched him run into the middle with all his other homeless friends,",0.25,129-homeless,603,607
0:10:07,0:10:11,"and I was like, ""Oh, no""! ",2,129-homeless,607,611
0:10:14,0:10:17,"""I just fucked a homeless dude!",1.5,129-homeless,614,617
0:10:19,0:10:21,"Again""! ",4.5,129-homeless,619,621
0:10:27,0:10:30,My husband is Asian.,0,150-Asian husband,627,630
0:10:30,0:10:32,"Which a lot of people are shocked by,",0,150-Asian husband,630,632
0:10:32,0:10:35,"because, usually, Asian-American women who, like,",0,152-white guys,632,635
0:10:36,0:10:39,"you know, wear these kinda glasses and have a lot of opinions,",0,152-white guys,636,639
0:10:39,0:10:40,they like to date white dudes.,0.75,152-white guys,639,640
0:10:40,0:10:45,You go to any hipster neighborhood in a major city in America,0,152-white guys,640,645
0:10:45,0:10:48,and that shit is turning into a Yoko Ono factory.,2,152-white guys,645,648
0:10:48,0:10:52,It's... too much. I don't know what's wrong with these bitches.,0.75,152-white guys,648,652
0:10:53,0:10:55,"I get it, you know, because being with a white dude",0,152-white guys,653,655
0:10:55,0:10:56,you feel very...,0,152-white guys,655,656
0:10:56,0:10:59,"You feel very picturesque when you're with a white dude, you know.",0,152-white guys,656,659
0:10:59,0:11:02,You feel like you're in a Wes Anderson movie or something.,0.75,152-white guys,659,662
0:11:03,0:11:07,"And you know, white dudes, they teach you about a lot of cool stuff",0,152-white guys,663,667
0:11:07,0:11:11,"like voting and recycling,",0.5,152-white guys,667,671
0:11:11,0:11:14,and disturbing documentaries.,0.5,152-white guys,671,674
0:11:14,0:11:16,They introduce you to cool stuff like that,0.25,152-white guys,674,676
0:11:16,0:11:20,"and it's very, you know, it's hot hookin' up with a white dude.",0,166-hooking up,676,680
0:11:20,0:11:24,"I mean, nothing makes me feel more powerful",0,166-hooking up,680,684
0:11:24,0:11:27,"than when a white dude eats my pussy. Oh, my God.",1,166-hooking up,684,687
0:11:27,0:11:31,I just feel like I'm absorbing all of that privilege,1,166-hooking up,687,691
0:11:31,0:11:34,and all of that entitlement... ,3,166-hooking up,691,694
0:11:34,0:11:38,"...you know, just right there, through the money hole and just...",1.5,166-hooking up,694,698
0:11:38,0:11:41,"And then also, he's so vulnerable down there.",0,166-hooking up,698,701
0:11:41,0:11:44,"I'm, like, ""I could just crush your head at any moment, white man!",4,166-hooking up,701,704
0:11:44,0:11:48,I could just kill you right now! Crush those brains!,0,166-hooking up,704,708
0:11:48,0:11:51,"Colonize the colonizer""! You know?",10,166-hooking up,708,711
0:12:01,0:12:04,"But I think that for marriage,",0,176-racist,721,724
0:12:04,0:12:08,it can be nice to be with somebody of your own race.,0,176-racist,724,728
0:12:08,0:12:12,The advantage is that you get to go home...,0,176-racist,728,732
0:12:12,0:12:15,and be racist together. ,6,176-racist,732,735
0:12:20,0:12:23,You get to say whatever you like!,0.5,176-racist,740,743
0:12:23,0:12:25,You don't gotta explain shit.,0.5,176-racist,743,745
0:12:25,0:12:29,"My husband, half-Filipino, half-Japanese.",0,182-korean,745,749
0:12:30,0:12:34,I'm half-Chinese and half-Vietnamese.,0,182-korean,750,754
0:12:34,0:12:39,And we spend 100 percent of our time shitting on Korean people.,6.5,182-korean,754,759
0:12:39,0:12:42,It's... amazing. ,0,182-korean,759,762
0:12:44,0:12:47,"It's what love is built on, you know?",3,182-korean,764,767
0:12:53,0:12:56,My last boyfriend was Cuban,0,187-cuban,773,776
0:12:56,0:13:01,and his family would shit on Mexican people all the time.,0,187-cuban,776,781
0:13:02,0:13:03,"And I was like, ""Hold it.",0,187-cuban,782,783
0:13:05,0:13:08,"You guys aren't Mexican?"" ",5.5,187-cuban,785,788
0:13:14,0:13:17,Asian-American men are very underrated.,0,191-sexiest,794,797
0:13:17,0:13:20,I don't know why people don't go for them. They're the sexiest.,0,191-sexiest,797,800
0:13:20,0:13:22,Asian men are the sexiest.,0,191-sexiest,800,802
0:13:22,0:13:27,They got no body hair from the neck down. ,3.5,194-hair,802,807
0:13:30,0:13:33,It's like making love to a dolphin.,3,194-hair,810,813
0:13:34,0:13:38,"Oh, my God. It's so smooth, just like a slip and slide.",1.75,194-hair,814,818
0:13:38,0:13:43,"Just black fish, Tilikum, all up in my bed every night, you know?",1.75,194-hair,818,823
0:13:44,0:13:46,Ooh-wee.,0,194-hair,824,826
0:13:46,0:13:50,You mess with a Jewish dude and your body is all fucked up afterwards.,1,199-jewish,826,830
0:13:51,0:13:53,"It's all red and inflamed and you're like,",0.5,199-jewish,831,833
0:13:53,0:13:57,"""I did not ask to be exfoliated today."" ",2.5,199-jewish,833,837
0:13:59,0:14:02,"""This is the last time I go on J-date, more like loofah date.",1,199-jewish,839,842
0:14:04,0:14:06,"Thanks for the rug burn, Avi.""",3.5,199-jewish,844,846
0:14:11,0:14:14,"And then Asian men, no body odor. None.",0,204-odor,851,854
0:14:16,0:14:19,They just smell like responsibility.,2,204-odor,856,859
0:14:23,0:14:25,That's where the umami flavor comes from.,4.5,204-odor,863,865
0:14:31,0:14:36,"I think my husband and I have a huge unspoken understanding,",0,207-racial bond,871,876
0:14:36,0:14:37,"uh, between each other,",0,207-racial bond,876,877
0:14:37,0:14:40,because he's half-Filipino and half-Japanese,0,207-racial bond,877,880
0:14:40,0:14:42,and I'm half-Chinese and half-Vietnamese.,0,207-racial bond,880,882
0:14:42,0:14:45,"So, we're both half-fancy Asian...",3.5,207-racial bond,882,885
0:14:51,0:14:55,...and half-jungle Asian. ,2,207-racial bond,891,895
0:14:55,0:14:56,Yeah!,0,207-racial bond,895,896
0:14:56,0:14:58,You guys know the difference.,0,207-racial bond,896,898
0:14:58,0:15:01,"The fancy Asians are the Chinese, the Japanese.",0,207-racial bond,898,901
0:15:01,0:15:04,They get to do fancy things like host Olympics.,0.25,207-racial bond,901,904
0:15:04,0:15:06,Jungle Asians host diseases.,1.25,207-racial bond,904,906
0:15:07,0:15:09,It's... It's different.,0,207-racial bond,907,909
0:15:10,0:15:12,"But he grew up on the East Coast,",0,219-growing up,910,912
0:15:12,0:15:16,"going to private school, playing lacrosse,",0,219-growing up,912,916
0:15:16,0:15:20,"uh, you know, learning Latin and playing chess and rugby.",0,219-growing up,916,920
0:15:20,0:15:23,"He grew up like Filipino Carlton, OK? ",1.5,219-growing up,920,923
0:15:23,0:15:27,"So, he didn't know anything about Vietnamese people",0,223-Vietnamese,923,927
0:15:27,0:15:29,until he met me.,0,223-Vietnamese,927,929
0:15:29,0:15:31,"And on one of our first dates,",0,223-Vietnamese,929,931
0:15:31,0:15:35,he took me to this restaurant on the west side of Los Angeles,0,223-Vietnamese,931,935
0:15:35,0:15:37,called Pho Show.,6,223-Vietnamese,935,937
0:15:44,0:15:47,"He was like, ""It's authentic Vietnamese. I read about it on Yelp""!",0,223-Vietnamese,944,947
0:15:47,0:15:50,"I was like, ""It's not authentic, OK?""",0,223-Vietnamese,947,950
0:15:50,0:15:53,"You can tell, first and foremost, by the name,",0,230-restaurant,950,953
0:15:53,0:15:55,cause it don't got a number in it.,3.5,230-restaurant,953,955
0:15:59,0:16:02,"Second of all, you can tell by the bathroom.",0,230-restaurant,959,962
0:16:02,0:16:03,"If it was legit,",0,230-restaurant,962,963
0:16:03,0:16:06,the bathroom would double as a supply closet.,2,230-restaurant,963,966
0:16:08,0:16:13,"When I pee, I need to see ten gallons of bleach, an ATM machine",0,230-restaurant,968,973
0:16:13,0:16:16,and a grandma with glaucoma napping in the corner.,3,230-restaurant,973,976
0:16:19,0:16:21,And the wait staff here is too nice.,0,230-restaurant,979,981
0:16:21,0:16:25,We need to leave this restaurant deaf and emotionally abused.,2.75,230-restaurant,981,985
0:16:30,0:16:32,"I grew up going to private school, too.",0,239-hippies,990,992
0:16:32,0:16:35,"Him and I are both total, like, private school Asians.",0,239-hippies,992,995
0:16:35,0:16:37,"We both are big hippies, too.",0,239-hippies,995,997
0:16:37,0:16:40,We like to backpack through Southeast Asia.,0,239-hippies,997,1000
0:16:40,0:16:42,We like to do yoga.,0,239-hippies,1000,1002
0:16:42,0:16:45,We do ayahuasca ceremonies.,0,239-hippies,1002,1005
0:16:45,0:16:47,We do silent meditation retreats.,0,239-hippies,1005,1007
0:16:47,0:16:50,"That's right, we pay $800 to shut up for a weekend.",0.5,239-hippies,1007,1010
0:16:50,0:16:52,We do shit like that.,0,239-hippies,1010,1012
0:16:52,0:16:54,"Uh, we eat gluten-free,",0,248-gluten,1012,1014
0:16:54,0:16:58,which means we eat all that bread that tastes like free-range Chewbacca.,2,248-gluten,1014,1018
0:17:00,0:17:03,We eat that lesbian bread that's like... ,0.75,248-gluten,1020,1023
0:17:03,0:17:06,...a thousand percent of your daily fiber...,0.75,248-gluten,1023,1026
0:17:07,0:17:09,and 20 percent spoken word poetry.,2.5,248-gluten,1027,1029
0:17:13,0:17:16,"When you eat it, you queef a shitty poem about...",2.5,248-gluten,1033,1036
0:17:18,0:17:21,...supporting Caitlyn Jenner or whatever.,1.5,248-gluten,1038,1041
0:17:25,0:17:27,"And so, it's funny, right,",0,255-white people,1045,1047
0:17:27,0:17:29,"because he's Asian, too.",0,255-white people,1047,1049
0:17:30,0:17:33,"But sometimes, all of this hippy-dippy shit we do...",0,255-white people,1050,1053
0:17:33,0:17:37,makes me feel like we are white people,0,255-white people,1053,1057
0:17:37,0:17:39,doing an impression of Asian people.,2,255-white people,1057,1059
0:17:42,0:17:45,"Like, we have these Chinese scrolls up on the wall...",0,255-white people,1062,1065
0:17:46,0:17:49,and neither of us know what the fuck they mean.,3.5,255-white people,1066,1069
0:17:53,0:17:57,"We're like, ""Oh, that seems to go very well with our Buddha piggy bank",0,255-white people,1073,1077
0:17:57,0:18:00,from Pier 1 Imports. ,1.5,255-white people,1077,1080
0:18:00,0:18:03,That seems to be providing some good feng shui for the house.,2.5,255-white people,1080,1083
0:18:08,0:18:12,Him and I had been dating for four years,0,265-engagement,1088,1092
0:18:12,0:18:17,and I-- I just had this sneaking suspicion,0,265-engagement,1092,1097
0:18:17,0:18:19,that he was gonna propose...,0,265-engagement,1097,1099
0:18:21,0:18:22,because...,0,265-engagement,1101,1102
0:18:24,0:18:26,I had been pressuring him to do it.,3,265-engagement,1104,1106
0:18:30,0:18:33,"So, you know, I just had this wacky women's intuition.",1,265-engagement,1110,1113
0:18:34,0:18:37,"That's how proposals really work, OK?",0,271-proposing,1114,1117
0:18:37,0:18:40,A woman has to incept the idea into the man's head.,0,271-proposing,1117,1120
0:18:40,0:18:43,"First passively and then if he doesn't get the message,",0,271-proposing,1120,1123
0:18:43,0:18:45,extremely aggressively. ,3,271-proposing,1123,1125
0:18:46,0:18:49,"You gotta threaten to leave without ever actually leaving,",0,271-proposing,1126,1129
0:18:49,0:18:51,because you know that you're too old,0,271-proposing,1129,1131
0:18:51,0:18:54,and it's too late to go back out there and find a new man,0.5,271-proposing,1131,1134
0:18:55,0:18:58,and start the whole manipulation cycle all over again.,1.5,271-proposing,1135,1138
0:19:00,0:19:02,"So, you're like, ""I'm just gonna stick with this dude,",0,271-proposing,1140,1142
0:19:02,0:19:05,"focus on trapping this dude,",0.5,271-proposing,1142,1145
0:19:05,0:19:10,and just nag the shit outta him until he becomes weak and caves in,0,271-proposing,1145,1150
0:19:10,0:19:13,"and gets fed up and is like, ""Shut the fuck up!",1.5,271-proposing,1150,1153
0:19:14,0:19:16,"Fine, will you marry me?""",1.5,271-proposing,1154,1156
0:19:17,0:19:20,"And then afterwards, the woman is always, like,",0,271-proposing,1157,1160
0:19:20,0:19:23,"""Oh, my God! He proposed""! ",3.5,271-proposing,1160,1163
0:19:26,0:19:28,"""It came outta nowhere.",0.5,271-proposing,1166,1168
0:19:29,0:19:33,"And look, he got me the exact ring I wanted.",0.75,287-pinterest,1169,1173
0:19:34,0:19:36,How did he know?,0.5,287-pinterest,1174,1176
0:19:38,0:19:42,Maybe he saw it on my Pinterest page or something...,0.75,287-pinterest,1178,1182
0:19:43,0:19:47,"that I sent to my best friend, that I told her to send to him every day.""",2,287-pinterest,1183,1187
0:19:50,0:19:53,Let me tell you something. If a man has a Pinterest page...,0,287-pinterest,1190,1193
0:19:54,0:19:57,he's probably Pinterested in men.,4.5,287-pinterest,1194,1197
0:20:03,0:20:06,We got engaged on a Saturday.,0,293-dress,1203,1206
0:20:06,0:20:09,I bought my wedding dress the following Tuesday...,0.25,293-dress,1206,1209
0:20:10,0:20:14,because I had tried it on in 2012. ,1.5,293-dress,1210,1214
0:20:16,0:20:17,I was ready.,0,293-dress,1216,1217
0:20:17,0:20:19,I was ripe.,0,293-dress,1217,1219
0:20:19,0:20:21,I was rotten.,0,293-dress,1219,1221
0:20:21,0:20:25,I need to be made into banana bread. That's how rotten I was.,3.5,293-dress,1221,1225
0:20:29,0:20:34,"People are always very surprised at how, off-stage, with my husband,",0,300-not working,1229,1234
0:20:34,0:20:37,I'm a completely different person.,0,300-not working,1234,1237
0:20:37,0:20:41,"You-- Like, you would not recognize my personality at all with him.",0,302-dependent,1237,1241
0:20:41,0:20:43,"With him, I'm very soft,",0,302-dependent,1241,1243
0:20:43,0:20:46,"and, like, very nurturing and very domestic.",0,302-dependent,1243,1246
0:20:47,0:20:50,"We've been together now for five years,",0,302-dependent,1247,1250
0:20:50,0:20:55,"and for five years, I've packed his lunch every single day.",0,302-dependent,1250,1255
0:20:55,0:20:58,Yeah. Yes.,0,302-dependent,1255,1258
0:20:58,0:21:00,Yes. Yes.,0,302-dependent,1258,1260
0:21:01,0:21:04,I did that so that he'd become dependent on me.,6.5,302-dependent,1261,1264
0:21:11,0:21:14,"Cause he graduated from Harvard Business School,",0,302-dependent,1271,1274
0:21:14,0:21:17,and I don't wanna work anymore.,3.5,302-dependent,1274,1277
0:21:20,0:21:22,I don't. I straight up don't wanna work anymore.,0,302-dependent,1280,1282
0:21:22,0:21:25,I don't feed him out of the goodness of my heart.,0,302-dependent,1282,1285
0:21:25,0:21:29,I do it as an investment in my financial future.,2,302-dependent,1285,1289
0:21:31,0:21:32,Cause I don't wanna work anymore.,0,302-dependent,1291,1292
0:21:32,0:21:35,"I've been reading that book by Sheryl Sandberg,",0,316-feminism,1292,1295
0:21:35,0:21:38,"she's the C.O.O. of Facebook,",0,317-lean in,1295,1298
0:21:38,0:21:42,and she wrote that book that got women all riled up about our careers.,0,317-lean in,1298,1302
0:21:42,0:21:46,Talking about how we as women should challenge ourselves,0,317-lean in,1302,1306
0:21:46,0:21:49,to sit at the table and rise to the top.,0,317-lean in,1306,1309
0:21:49,0:21:52,And her book is called *Lean In.*,0,317-lean in,1309,1312
0:21:54,0:21:58,"Well, I don't wanna lean in, OK?",0,317-lean in,1314,1318
0:21:58,0:22:01,I wanna lie down. ,7.5,317-lean in,1318,1321
0:22:06,0:22:08,I want to lie the fuck down.,0,317-lean in,1326,1328
0:22:09,0:22:13,I think feminism is the worst thing that ever happened to women.,0,317-lean in,1329,1333
0:22:14,0:22:18,Our job used to be no job.,3.5,326-play dumb,1334,1338
0:22:20,0:22:22,We had it so good.,0.25,326-play dumb,1340,1342
0:22:23,0:22:26,"We could have done the smart thing,",0,326-play dumb,1343,1346
0:22:26,0:22:29,which would have been to continue playing dumb,0,326-play dumb,1346,1349
0:22:29,0:22:31,for the next century,0,326-play dumb,1349,1351
0:22:31,0:22:33,"and be like, ""We're dumb women.",0,326-play dumb,1351,1353
0:22:33,0:22:35,We don't know how to do anything.,0,326-play dumb,1353,1355
0:22:35,0:22:38,"So, I guess we better just stay at home all day",0,326-play dumb,1355,1358
0:22:38,0:22:39,"and eat snacks and watch *Ellen.""*",2,326-play dumb,1358,1359
0:22:42,0:22:46,"""'Cause we're too stupid to have any real responsibility.""",0,326-play dumb,1362,1366
0:22:46,0:22:48,"And then, all these women had to show off",0,326-play dumb,1366,1368
0:22:48,0:22:51,"and be like, ""We could do it! We could do anything.""",0,326-play dumb,1368,1371
0:22:52,0:22:54,"""Bitch, shut up""! ",3,326-play dumb,1372,1374
0:22:55,0:22:58,"""Don't tell them the secret.""",2.5,326-play dumb,1375,1378
0:23:01,0:23:03,"They ruined it for us,",0,316-feminism,1381,1383
0:23:03,0:23:06,and now we're expected to work.,0,316-feminism,1383,1386
0:23:07,0:23:10,"When I hear the phrase, ""Double-income household,""",0,316-feminism,1387,1390
0:23:10,0:23:11,I wanna throw up.,2.5,316-feminism,1390,1391
0:23:15,0:23:20,A lot of women get very upset with me about those comments.,0,344-options,1395,1400
0:23:20,0:23:24,"And they're like, ""But, Ali, we have so many more options now.""",0,344-options,1400,1404
0:23:24,0:23:27,"Oh, you don't think we had a lot of options",0,344-options,1404,1407
0:23:27,0:23:29,when our day was free?,2,344-options,1407,1409
0:23:33,0:23:35,"Unscheduled, unsupervised,",0,344-options,1413,1415
0:23:35,0:23:38,"and most importantly, sponsored?",2,344-options,1415,1418
0:23:41,0:23:44,Do you know how much shittier food tastes,0,316-feminism,1421,1424
0:23:44,0:23:45,when you know you have to earn it?,6.5,316-feminism,1424,1425
0:23:53,0:23:56,"A lot of my friends, when we walk around together,",0,352-housewives,1433,1436
0:23:56,0:23:58,they'll get very judgmental,0,352-housewives,1436,1438
0:23:58,0:24:01,about housewives that we'll see on the street.,0,352-housewives,1438,1441
0:24:01,0:24:03,"And they'll be like, ""Look at that fucking housewife.",0,352-housewives,1441,1443
0:24:03,0:24:04,Not doing anything.,0,352-housewives,1443,1444
0:24:04,0:24:07,"Look at that housewife, just walking around all day,",0,352-housewives,1444,1447
0:24:07,0:24:09,"getting massages in her Lululemon pants.""",2,352-housewives,1447,1449
0:24:12,0:24:15,"I'm like, ""That bitch is a genius."" ",2,352-housewives,1452,1455
0:24:16,0:24:19,"""She's not a housewife, she's retired.""",2.5,352-housewives,1456,1459
0:24:21,0:24:24,I do write for *Fresh Off the Boat* on ABC.,0,361-office,1461,1464
0:24:24,0:24:27,Yeah. Which is...,0,361-office,1464,1467
0:24:27,0:24:29,It's a great show.,0,361-office,1467,1469
0:24:29,0:24:31,I love it a lot. I love my co-workers.,0,361-office,1469,1471
0:24:31,0:24:33,"It's a great writing staff and in terms of day jobs,",0,361-office,1471,1473
0:24:33,0:24:36,"it's probably one of the best you could ask for,",0,361-office,1473,1476
0:24:36,0:24:41,but I still gotta work at a office every day.,0,361-office,1476,1481
0:24:41,0:24:46,Which means I gotta shit in a office every day.,0,361-office,1481,1486
0:24:46,0:24:50,"Housewives, they don't gotta shit in a office.",0.25,361-office,1486,1490
0:24:50,0:24:53,Housewives get to shit in their house.,0,361-office,1490,1493
0:24:53,0:24:55,Skin to seat.,1.75,371-toilet cover,1493,1495
0:24:55,0:24:58,They don't gotta use that horrible toilet paper cover.,0,371-toilet cover,1495,1498
0:24:58,0:25:00,They don't gotta...,1.5,371-toilet cover,1498,1500
0:25:03,0:25:06,"...ten times a day, every day...",0.75,371-toilet cover,1503,1506
0:25:08,0:25:11,like you're about to eat a sad-ass meal. ,2,371-toilet cover,1508,1511
0:25:11,0:25:13,They don't gotta do that.,0,371-toilet cover,1511,1513
0:25:13,0:25:16,"They don't gotta use that one-ply toilet paper,",0,377-toilet paper,1513,1516
0:25:16,0:25:18,"that office toilet paper,",0,377-toilet paper,1516,1518
0:25:18,0:25:21,that they purposely make difficult to pull out.,0,377-toilet paper,1518,1521
0:25:21,0:25:24,They try to ration me with their communist toilet paper,1.5,377-toilet paper,1521,1524
0:25:25,0:25:26,that's not even effective.,0.5,377-toilet paper,1525,1526
0:25:26,0:25:29,It basically just dehydrates your butt hole.,1,377-toilet paper,1526,1529
0:25:29,0:25:32,It's basically like wiping your butt with the desert.,2.5,377-toilet paper,1529,1532
0:25:36,0:25:39,"I literally spat on my toilet paper two days ago,",0,377-toilet paper,1536,1539
0:25:40,0:25:43,"to try to make a MacGyver baby wipe, to moisten it,",1,377-toilet paper,1540,1543
0:25:43,0:25:46,and then it backfired 'cause my fingers broke through,1.75,377-toilet paper,1543,1546
0:25:47,0:25:50,"and digitally stimulated more doo doo to come out,",0.25,377-toilet paper,1547,1550
0:25:50,0:25:52,and then I had to start all over again.,3.5,377-toilet paper,1550,1552
0:25:59,0:26:02,And you can never finish wiping at work,0,389-rushed wipe,1559,1562
0:26:02,0:26:04,because you always feel rushed,0,389-rushed wipe,1562,1564
0:26:04,0:26:05,cause you're paranoid,0,389-rushed wipe,1564,1565
0:26:05,0:26:08,that your co-worker's gonna recognize your shoes,1,389-rushed wipe,1565,1568
0:26:08,0:26:10,underneath the stall.,0.5,389-rushed wipe,1568,1570
0:26:10,0:26:12,"And you're like, ""Oh, no! Courtney's listening.",0,389-rushed wipe,1570,1572
0:26:12,0:26:15,"She's waiting. She's timing me.""",0,389-rushed wipe,1572,1575
0:26:15,0:26:17,"And then you hurry, hurry, hurry,",0,389-rushed wipe,1575,1577
0:26:17,0:26:19,and then you never finish wiping,0,389-rushed wipe,1577,1579
0:26:19,0:26:22,and then your butt hole feels caked in doo doo all day long.,0.75,389-rushed wipe,1579,1582
0:26:22,0:26:25,"And then if you dare scratch yourself, your underwear at the end of the day",0,389-rushed wipe,1582,1585
0:26:25,0:26:28,looks like it's been run over by the Goonies.,7.5,389-rushed wipe,1585,1588
0:26:36,0:26:39,"Housewives, they don't gotta muffle their shit, too.",0,401-muffle,1596,1599
0:26:39,0:26:43,They don't gotta worry about the velocity with which their doo doo comes out.,0.75,401-muffle,1599,1603
0:26:43,0:26:45,"They don't gotta try to, you know,",0,401-muffle,1603,1605
0:26:45,0:26:47,squeeze the butt cheeks together,0,401-muffle,1605,1607
0:26:47,0:26:51,"to make sure that the doo doo comes out at a slow and steady pace,",0.75,401-muffle,1607,1611
0:26:51,0:26:56,so that no unpredictable noise suddenly escapes,0.75,401-muffle,1611,1616
0:26:56,0:26:59,"and brings you deep, deep shame.",0.75,401-muffle,1616,1619
0:26:59,0:27:03,Housewives are free to just blow ass into the toilet,1,401-muffle,1619,1623
0:27:03,0:27:06,and let it echo and reverberate to the ends of their hallways,0,401-muffle,1623,1626
0:27:07,0:27:10,while watching as much Netflix on their iPad as they want.,2.5,401-muffle,1627,1630
0:27:12,0:27:15,"They don't gotta take these boring, repressed shits.",0,401-muffle,1632,1635
0:27:15,0:27:18,They can listen to podcasts.,0,401-muffle,1635,1638
0:27:20,0:27:23,Planet Money. They can do whatever they want.,0.5,401-muffle,1640,1643
0:27:30,0:27:33,"You know, it's-- it's very distracting for me",0,414-cowokers,1650,1653
0:27:33,0:27:35,when I hear my co-workers,0,414-cowokers,1653,1655
0:27:35,0:27:37,blow ass into the toilet.,1,414-cowokers,1655,1657
0:27:38,0:27:40,I lose respect for them.,1,414-cowokers,1658,1660
0:27:40,0:27:43,Nothing they say to me anymore,0,414-cowokers,1660,1663
0:27:43,0:27:46,holds any sort of credence. ,1,414-cowokers,1663,1666
0:27:47,0:27:50,I heard one of my co-workers blow ass into the toilet the other day.,0,414-cowokers,1667,1670
0:27:50,0:27:53,"This bitch had the nerve to come up to me and say,",0,414-cowokers,1670,1673
0:27:53,0:27:56,"""You need to get to work on time.""",0.5,414-cowokers,1673,1676
0:27:58,0:28:01,"I was like, ""You need to eat bananas."" ",3,414-cowokers,1678,1681
0:28:03,0:28:06,"""I saw those green ballet flats. I know that shit was you.",1,414-cowokers,1683,1686
0:28:06,0:28:08,Don't try to tell me to get my shit together,0,414-cowokers,1686,1688
0:28:08,0:28:11,"when I heard you not have your shit together.""",3.5,414-cowokers,1688,1691
0:28:14,0:28:17,My father-in-law had this huge sit-down,0,427-father-in-law,1694,1697
0:28:18,0:28:20,with me and my husband recently.,0,427-father-in-law,1698,1700
0:28:20,0:28:21,"Um, and he was like, ""Hey,",0,427-father-in-law,1700,1701
0:28:21,0:28:25,I wanna talk to you guys about money.,0,427-father-in-law,1701,1705
0:28:25,0:28:28,You guys need to make a lot more money,0,427-father-in-law,1705,1708
0:28:28,0:28:30,if you wanna provide your children,0,427-father-in-law,1708,1710
0:28:30,0:28:34,"with the same kind of privileged childhood that you guys had.""",0,427-father-in-law,1710,1714
0:28:35,0:28:37,"I was like, ""Why you telling me this shit?",0,427-father-in-law,1715,1717
0:28:37,0:28:40,I should not be a part of this conversation.,0,427-father-in-law,1717,1720
0:28:40,0:28:42,You tell you son that.,0,427-father-in-law,1720,1722
0:28:42,0:28:43,Don't your understand,0,427-father-in-law,1722,1723
0:28:43,0:28:46,that I trapped your son for his earning potential?,2.5,427-father-in-law,1723,1726
0:28:47,0:28:50,Why else would I choose to fuck one person,0,427-father-in-law,1727,1730
0:28:50,0:28:51,for the rest of my life?,0,427-father-in-law,1730,1731
0:28:52,0:28:55,"I chose to marry him on the promise of early retirement,",0,427-father-in-law,1732,1735
0:28:55,0:28:57,"and when I said, 'I do,'",0,427-father-in-law,1735,1737
0:28:57,0:28:59,"what I really meant was,",0,427-father-in-law,1737,1739
0:28:59,0:29:00,"Oh, I'm done.'""",3.5,427-father-in-law,1739,1740
0:29:03,0:29:04,I'm done.,0,427-father-in-law,1743,1744
0:29:04,0:29:06,I don't wanna work anymore,0,446-diet,1744,1746
0:29:06,0:29:08,and I'm not dieting anymore.,0,446-diet,1746,1748
0:29:08,0:29:10,"Since I got married last year,",0,446-diet,1748,1750
0:29:10,0:29:13,I've been eating fried chicken skin every day since.,0.5,446-diet,1750,1753
0:29:13,0:29:16,That's right. And just fulfilling my destiny.,0.5,446-diet,1753,1756
0:29:17,0:29:20,Which is to turn into a circle with eyelashes.,2,446-diet,1757,1760
0:29:22,0:29:23,"Like Mrs. Pacman, just...",6,446-diet,1762,1763
0:29:23,0:29:25,[grunting],0,446-diet,1763,1765
0:29:25,0:29:26,Let's redecorate.,0,446-diet,1765,1766
0:29:26,0:29:29,[grunting],0,96-marriage,1766,1769
0:29:34,0:29:37,I gave up a lot of myself when I got married.,0,96-marriage,1774,1777
0:29:37,0:29:39,I'm a-- I'm a disgusting pervert.,0,457-pervert,1777,1779
0:29:40,0:29:41,I'm a pervert.,0,457-pervert,1780,1781
0:29:41,0:29:44,I'm a gross filthy animal.,0,457-pervert,1781,1784
0:29:44,0:29:45,And I think it's because,0,457-pervert,1784,1785
0:29:45,0:29:49,I started watching porn at a very young age.,0,461-porn,1785,1789
0:29:50,0:29:52,And what happens when you start watching porn,0,461-porn,1790,1792
0:29:52,0:29:54,at a young age is that...,0,461-porn,1792,1794
0:29:54,0:29:57,"y-you get sicker, and sicker, and sicker.",0,461-porn,1794,1797
0:29:57,0:30:01,"The images you crave get sicker, and sicker, and sicker,",0,461-porn,1797,1801
0:30:01,0:30:02,"but it's OK,",0,461-porn,1801,1802
0:30:02,0:30:05,because the Internet will always catch up to you.,4.5,461-porn,1802,1805
0:30:10,0:30:13,I broke up with my last boyfriend,0,468-anal,1810,1813
0:30:13,0:30:17,because he refused to put it in the back.,0,468-anal,1813,1817
0:30:18,0:30:21,"I was like, ""Uh, you're a idiot, dude.",0,470-craigslist,1818,1821
0:30:21,0:30:25,Do you realize that if I went on Craigslist...,0.75,470-craigslist,1821,1825
0:30:26,0:30:29,and posted 'Tiny Asian female seeking anal...',0,470-craigslist,1826,1829
0:30:30,0:30:33,"the Internet would crash."" ",3.5,470-craigslist,1830,1833
0:30:36,0:30:38,"""And all the Jewish male heads in the universe",0,470-craigslist,1836,1838
0:30:38,0:30:41,"would simultaneously explode."" ",2,470-craigslist,1838,1841
0:30:41,0:30:43,They would explode.,0,470-craigslist,1841,1843
0:30:44,0:30:47,"A lot of women get really, you know...",0,477-scared,1844,1847
0:30:47,0:30:49,freaked out about anal.,0,477-scared,1847,1849
0:30:49,0:30:51,"And they're like, ""Oh, I don't wanna do that.",0,477-scared,1849,1851
0:30:51,0:30:53,"I'm scared of-- of the pain.""",0,477-scared,1851,1853
0:30:53,0:30:55,You ain't scared of the pain.,0,477-scared,1853,1855
0:30:55,0:30:58,"Women, they wax their eyebrows, they do all sorts of crazy shit.",0,477-scared,1855,1858
0:30:58,0:30:59,You're not scared of the pain.,0,477-scared,1858,1859
0:31:00,0:31:03,What you're really scared of is doo doo on the dick.,2,477-scared,1860,1863
0:31:05,0:31:07,You're scared that he's gonna see that,0,477-scared,1865,1867
0:31:08,0:31:09,"and that's gonna be all of your shame,",0,477-scared,1868,1869
0:31:10,0:31:13,"your inner evil, all your secrets and lies.",0.25,477-scared,1870,1873
0:31:13,0:31:15,Sephora can't help you now.,3,477-scared,1873,1875
0:31:18,0:31:20,"But don't worry,",0,489-brag,1878,1880
0:31:20,0:31:23,"cause when he puts it in the butt, all he's thinking about is,",0,489-brag,1880,1883
0:31:23,0:31:25,"""I just put it in her butt."" ",1,489-brag,1883,1885
0:31:27,0:31:30,"""I gotta go call my mom, my dad,",0.5,489-brag,1887,1890
0:31:30,0:31:32,"Dave, my grandma.""",1,489-brag,1890,1892
0:31:34,0:31:38,"You're-- If you're married, you're gonna have to do anal eventually, OK?",0,494-sex experimentation,1894,1898
0:31:38,0:31:40,"You have to, because you gotta change it up.",0,494-sex experimentation,1898,1900
0:31:40,0:31:43,"You gotta change it up, so that you don't cheat on each other.",0,494-sex experimentation,1900,1903
0:31:43,0:31:45,You gotta keep it interesting.,0,494-sex experimentation,1903,1905
0:31:45,0:31:47,"If you put it in different holes,",0,494-sex experimentation,1905,1907
0:31:47,0:31:51,maybe you'll feel like you're fucking different people.,2,494-sex experimentation,1907,1911
0:31:52,0:31:55,"I was very sexually active in my 20s,",0,494-sex experimentation,1912,1915
0:31:55,0:31:58,"and as a result, I'm a little bit...",0.5,494-sex experimentation,1915,1918
0:32:01,0:32:04,"...stretched out down there, OK?",0,494-sex experimentation,1921,1924
0:32:04,0:32:06,"So, when I finally did anal,",0,494-sex experimentation,1924,1926
0:32:06,0:32:09,"I just felt like I got a second chance at life, you know?",1.25,494-sex experimentation,1926,1929
0:32:10,0:32:14,"I was, like, ""Oh, my God! It's like I'm going back in time""!",0.5,494-sex experimentation,1930,1934
0:32:14,0:32:18,*-♪ A whole new world ♪* *-*,3.5,494-sex experimentation,1934,1938
0:32:20,0:32:22,It was magical.,0,494-sex experimentation,1940,1942
0:32:24,0:32:28,A big fantasy of mine before I got married,0,508-prostate,1944,1948
0:32:28,0:32:31,was to help as many men as possible,0,508-prostate,1948,1951
0:32:31,0:32:33,discover their prostate.,0,508-prostate,1951,1953
0:32:34,0:32:35,"Yeah, like a conqueror.",0.5,508-prostate,1954,1955
0:32:35,0:32:37,I just wanted to...,0,508-prostate,1955,1957
0:32:38,0:32:40,"Now, if you haven't done it before,",0,508-prostate,1958,1960
0:32:40,0:32:42,"ladies, go home and treat yourself.",0,508-prostate,1960,1962
0:32:42,0:32:43,Do it tonight.,0,508-prostate,1962,1963
0:32:43,0:32:46,You only live once. YOLO. Just sneak your--,0,508-prostate,1963,1966
0:32:46,0:32:49,Just give your man a little--,0,508-prostate,1966,1969
0:32:49,0:32:51,a little push-push in the tush-tush.,0,508-prostate,1969,1971
0:32:51,0:32:53,"Just give him a little Atari, you know,",1,508-prostate,1971,1973
0:32:53,0:32:57,and you'll get a lot of resistance from the man at first.,0,520-prostate resistance,1973,1977
0:32:57,0:33:00,"You'll get a lot of ""No! No! No!",0.5,520-prostate resistance,1977,1980
0:33:00,0:33:03,"No, please! No, really, I don't-- No!",0,520-prostate resistance,1980,1983
0:33:03,0:33:06,"I don't! I don't! No""!",2,520-prostate resistance,1983,1986
0:33:08,0:33:10,They get all squirmy wormy because...,0,520-prostate resistance,1988,1990
0:33:11,0:33:12,they're scared.,0,520-prostate resistance,1991,1992
0:33:12,0:33:16,They're scared that if you stick your thumb up there,0,520-prostate resistance,1992,1996
0:33:16,0:33:19,"and succeed, and they like it,",0,520-prostate resistance,1996,1999
0:33:19,0:33:22,"that then, it might mean that they're gay.",3.5,520-prostate resistance,1999,2002
0:33:28,0:33:31,And I like that fear. ,3.5,529-power turn-on,2008,2011
0:33:34,0:33:36,"That shit turns me on, you know?",0,529-power turn-on,2014,2016
0:33:36,0:33:41,Especially when that fear metamorphosizes into pleasure.,0,529-power turn-on,2016,2021
0:33:41,0:33:44,"Oh, my God! And you just see the look in the man's eye",0,529-power turn-on,2021,2024
0:33:45,0:33:46,like he's discovered nirvana.,2,529-power turn-on,2025,2026
0:33:48,0:33:51,And it's like you're the first lady to show him,0,529-power turn-on,2028,2031
0:33:51,0:33:53,that he had a magical clit in his butt hole.,2,529-power turn-on,2031,2033
0:33:54,0:33:57,"And then, you as the woman, in his eyes, just become",0,529-power turn-on,2034,2037
0:33:57,0:34:00,"the Lord of the Rim, you know?",6.5,529-power turn-on,2037,2040
0:34:07,0:34:10,My husband is unfortunately just not as freaky as me.,0,538-rough sex,2047,2050
0:34:10,0:34:13,"When-- When I've asked him to spank me,",0,538-rough sex,2050,2053
0:34:13,0:34:14,this is what he does.,0,538-rough sex,2053,2054
0:34:14,0:34:17,[dull thudding] ,3.5,538-rough sex,2054,2057
0:34:21,0:34:23,"""Hey. Hey, are you OK?",0,538-rough sex,2061,2063
0:34:24,0:34:27,"Are you all right? You know I respect you, right?""",0.25,538-rough sex,2064,2067
0:34:28,0:34:30,"I'm, like, ""Yes, I know you respect me",0,538-rough sex,2068,2070
0:34:30,0:34:34,"and that's why you need to abuse me. OK?""",1,538-rough sex,2070,2074
0:34:34,0:34:37,"Cause it's the most strong-headed, loud-mouthed women",0,546-strong women,2074,2077
0:34:37,0:34:39,who like to be abused the most in bed.,0,546-strong women,2077,2079
0:34:40,0:34:43,"Women who are C.E.O.s, they just wanna be roughed around.",0,546-strong women,2080,2083
0:34:43,0:34:46,They just want their-- [high-pitched scream],2,546-strong women,2083,2086
0:34:46,0:34:48,Glasses always means the woman wants some--,1.5,546-strong women,2086,2088
0:34:49,0:34:51,[high-pitched scream] ,0,546-strong women,2089,2091
0:34:51,0:34:53,[continues screaming],5,546-strong women,2091,2093
0:34:54,0:34:56,[gasping scream] ,1,546-strong women,2094,2096
0:35:03,0:35:06,"It's because we're so in control all the time,",0,554-control,2103,2106
0:35:06,0:35:08,that we just wanna experience,0,554-control,2106,2108
0:35:09,0:35:11,"some risk and be out of control, you know?",0,554-control,2109,2111
0:35:11,0:35:13,"Like, ""I don't wanna die!",0.25,554-control,2111,2113
0:35:14,0:35:16,"Don't kill me! I don't wanna die""!",0,554-control,2114,2116
0:35:17,0:35:20,But I also don't want to be sure that I'm gonna live.,3,554-control,2117,2120
0:35:22,0:35:25,You know? I just wanna be out of control for once.,0,554-control,2122,2125
0:35:25,0:35:28,Just-- Just choke me enough so that I can't talk.,0.75,554-control,2125,2128
0:35:29,0:35:31,"Cause if I can talk,",0,554-control,2129,2131
0:35:31,0:35:34,I'm gonna tell you what to do. ,2,554-control,2131,2134
0:35:35,0:35:37,And I'm tired of being the boss.,0,554-control,2135,2137
0:35:37,0:35:40,"I'm the boss all the time, so, in the bedroom,",0,554-control,2137,2140
0:35:40,0:35:41,you be the boss.,0,554-control,2140,2141
0:35:43,0:35:44,Yes.,0,554-control,2143,2144
0:35:45,0:35:48,Because I'm the real boss. ,7.5,554-control,2145,2148
0:35:48,0:35:51,"And I told you so, motherfucker, so do it.",0,554-control,2148,2151
0:35:57,0:36:00,"Sheryl Sandberg, that woman who wrote *Lean In*,",0,570-bossy,2157,2160
0:36:00,0:36:04,"has had such a big impact that now, because of her,",0,570-bossy,2160,2164
0:36:04,0:36:08,"there is a ban on the word ""bossy"" in elementary schools,",0,570-bossy,2164,2168
0:36:08,0:36:11,"because according to her,",0,570-bossy,2168,2171
0:36:11,0:36:13,"it's sexist to use the word ""bossy,""",0,570-bossy,2171,2173
0:36:13,0:36:16,because boys are never called bossy.,0,570-bossy,2173,2176
0:36:17,0:36:20,"So, now, instead of saying, ""You're bossy,""",0.25,570-bossy,2177,2180
0:36:20,0:36:24,"you're supposed to say, ""You have executive leadership skills.""",0.5,570-bossy,2180,2184
0:36:26,0:36:29,Which is a very roundabout way of saying:,0,570-bossy,2186,2189
0:36:29,0:36:31,"""You're a little cunt.""",2.5,570-bossy,2189,2191
0:36:37,0:36:39,I'm just waiting for the right moment,0,580-housewife,2197,2199
0:36:39,0:36:43,"to, like, become a housewife, financially, you know?",0,580-housewife,2199,2203
0:36:43,0:36:47,"I want my husband to get us to, like, a certain point financially.",0,580-housewife,2203,2207
0:36:47,0:36:50,I wanna get to the point as a couple,0,580-housewife,2207,2210
0:36:50,0:36:54,where I can comfortably afford sliced mango.,0.5,584-whole foods,2210,2214
0:36:56,0:36:59,Know what I'm talking about? I'm talking about that Whole Foods mango.,0,584-whole foods,2216,2219
0:36:59,0:37:02,That $10-a-box Whole Foods mango,0,584-whole foods,2219,2222
0:37:02,0:37:04,that was sliced by white people. ,1,584-whole foods,2222,2224
0:37:04,0:37:07,That's the kind of income bracket I'm striving for.,0.75,584-whole foods,2224,2227
0:37:08,0:37:10,"That's when you know you've made it,",0,584-whole foods,2228,2230
0:37:10,0:37:14,when you're eating mango that was sliced by a dude named Noah.,5,584-whole foods,2230,2234
0:37:14,0:37:16,I want Noah mango... ,0,584-whole foods,2234,2236
0:37:16,0:37:18,"...Rebecca kiwi,",0,584-whole foods,2236,2238
0:37:18,0:37:19,Danielle pineapple.,0,584-whole foods,2238,2239
0:37:20,0:37:22,You know what else I want?,0,594-sidewalk,2240,2242
0:37:22,0:37:27,"I wanna be able to take a stroll on a sidewalk,",0,594-sidewalk,2242,2247
0:37:27,0:37:29,"see a quarter,",0,594-sidewalk,2247,2249
0:37:29,0:37:30,and just keep on walking.,5,594-sidewalk,2249,2250
0:37:34,0:37:35,Like a princess.,0,594-sidewalk,2254,2255
0:37:38,0:37:42,I have some useful advice for all my Asian-American brothers and sisters.,0,599-paintball,2258,2262
0:37:45,0:37:48,Never go paintballing with a Vietnam veteran.,8.5,599-paintball,2265,2268
0:37:57,0:37:59,"So, I don't know if you guys can tell,",0,601-pregnancy,2277,2279
0:37:59,0:38:02,but I am seven and a half months pregnant.,0,601-pregnancy,2279,2282
0:38:03,0:38:05,Yeah.,0,601-pregnancy,2283,2285
0:38:06,0:38:10,It's very rare and unusual,0,604-female comics,2286,2290
0:38:10,0:38:13,"to see a female comic perform pregnant,",0,604-female comics,2290,2293
0:38:13,0:38:16,because female comics...,0,604-female comics,2293,2296
0:38:16,0:38:18,don't get pregnant.,3,604-female comics,2296,2298
0:38:22,0:38:25,Just try to think of one. I dare you. There's-- None of them.,0,604-female comics,2302,2305
0:38:26,0:38:29,"Once they do get pregnant, they generally disappear.",0,604-female comics,2306,2309
0:38:29,0:38:31,That's not the case with male comics.,0,610-male comics,2309,2311
0:38:31,0:38:33,"Once they have a baby,",0,610-male comics,2311,2313
0:38:33,0:38:35,they'll get up on stage a week afterwards,0,610-male comics,2313,2315
0:38:35,0:38:39,"and they'll be like, ""Guys, I just had this fucking baby.",0,610-male comics,2315,2319
0:38:39,0:38:43,"That baby's a little piece of shit. It's so annoying and boring.""",0,610-male comics,2319,2323
0:38:43,0:38:45,"And all these other shitty dads in the audience are, like,",0,610-male comics,2323,2325
0:38:45,0:38:49,"""That's hilarious. I identify.""",0.5,610-male comics,2325,2329
0:38:49,0:38:51,And their fame just swells,0.25,610-male comics,2329,2331
0:38:51,0:38:55,because they become this relatable family funny man all of a sudden.,0,610-male comics,2331,2335
0:38:55,0:38:57,"Meanwhile, the mom is at home,",0,619-mom,2335,2337
0:38:57,0:39:00,"chapping her nipples, feeding the fucking baby,",1,619-mom,2337,2340
0:39:00,0:39:04,and wearing a frozen diaper 'cause her pussy needs to heal,0.75,619-mom,2340,2344
0:39:04,0:39:06,from the baby's head shredding it up.,0.25,619-mom,2344,2346
0:39:06,0:39:07,She's busy.,5.5,610-male comics,2346,2347
0:39:12,0:39:14,"So, I don't know what's gonna happen to me.",0,624-discouraged,2352,2354
0:39:17,0:39:19,"You know, a lot of my female stand-up comic friends",0,624-discouraged,2357,2359
0:39:19,0:39:23,who are a lot more successful and famous than me,0,624-discouraged,2359,2363
0:39:24,0:39:25,discouraged me from having a kid.,0,624-discouraged,2364,2365
0:39:25,0:39:29,"And they were like, ""Ali, why are you gonna have a kid?",0,628-stay at home,2365,2369
0:39:29,0:39:31,"You just gonna become-- You're gonna disappear,",0,628-stay at home,2369,2371
0:39:31,0:39:34,"and you're gonna become some lame stay-at-home mom.""",0,628-stay at home,2371,2374
0:39:35,0:39:37,"I was like, ""Yeah, that's the dream.""",2,628-stay at home,2375,2377
0:39:40,0:39:43,That's the point. This is the ultimate trap.,0.5,628-stay at home,2380,2383
0:39:44,0:39:46,"I won, you know?",0.75,628-stay at home,2384,2386
0:39:48,0:39:50,Another thing a lot of my friends said to me,0,634-why pregnant,2388,2390
0:39:50,0:39:52,"when they were discouraging me from having a kid,",0,634-why pregnant,2390,2392
0:39:52,0:39:55,"they were like, ""Why are you gonna have a kid?",0,634-why pregnant,2392,2395
0:39:55,0:39:58,Why don't you just travel the world with your husband,0,634-why pregnant,2395,2398
0:39:58,0:40:02,and just do whatever you want for the rest of your lives,0,634-why pregnant,2398,2402
0:40:02,0:40:04,"with no kid attached.""",0,634-why pregnant,2402,2404
0:40:04,0:40:06,"I was like, ""Yeah, that's cool...",0,634-why pregnant,2404,2406
0:40:06,0:40:08,"until my husband dies.""",0,634-why pregnant,2406,2408
0:40:08,0:40:11,Which he's definitely gonna before me.,0,634-why pregnant,2408,2411
0:40:12,0:40:15,"Because I'm a Asian woman,",0,643-asian women,2412,2415
0:40:15,0:40:18,"and therefore, guaranteed to live until I'm a billion.",3,643-asian women,2415,2418
0:40:22,0:40:26,"I'm guaranteed, like a turtle from the Galapagos, OK?",1,643-asian women,2422,2426
0:40:27,0:40:30,"We all know the phrase ""black don't crack.""",0,643-asian women,2427,2430
0:40:31,0:40:33,"Well, Asian don't die.",3.5,643-asian women,2431,2433
0:40:36,0:40:40,"We don't die. Especially the women, we live forever.",0,643-asian women,2436,2440
0:40:40,0:40:42,And you know why we're such bad drivers?,0,649-bad drivers,2440,2442
0:40:43,0:40:46,Because we're trying to die.,4.5,649-bad drivers,2443,2446
0:40:50,0:40:53,"We're like, ""Yeah! Let me see how invincible I really am""!",0.75,649-bad drivers,2450,2453
0:40:54,0:40:58,"""Imma make this left hand turn signal and ignore this red light completely.""",0.5,649-bad drivers,2454,2458
0:40:59,0:41:02,"""I'm gonna make a right turn-- I changed my mind, it's a U-turn""!",1,649-bad drivers,2459,2462
0:41:03,0:41:06,"""I changed my mind again. It's a O-turn""! ",4,649-bad drivers,2463,2466
0:41:13,0:41:16,Every time I get into a car accident...,2.5,649-bad drivers,2473,2476
0:41:21,0:41:25,"...I'm like, ""Oh, my God, not again""!",0,649-bad drivers,2481,2485
0:41:25,0:41:28,I need to hide my face so that everybody doesn't see,0,649-bad drivers,2485,2488
0:41:28,0:41:31,that it's what everybody thought it was gonna be.,2.5,649-bad drivers,2488,2491
0:41:34,0:41:36,So embarrassing.,0,649-bad drivers,2494,2496
0:41:36,0:41:38,My Toyota Corolla is a mess.,0.5,649-bad drivers,2496,2498
0:41:40,0:41:43,There's this huge bear claw scratch on the side,0,649-bad drivers,2500,2503
0:41:43,0:41:46,from this aggressive brick wall that came out of nowhere.,1,649-bad drivers,2503,2506
0:41:48,0:41:50,"And then, on the hood, there's multiple hand prints",0,649-bad drivers,2508,2510
0:41:51,0:41:54,from pedestrians who have had to alert me of their existence.,2,649-bad drivers,2511,2514
0:41:57,0:42:01,"I don't know what's wrong with me, but I'm still here, you know?",0.5,649-bad drivers,2517,2521
0:42:04,0:42:08,I need to have children to keep me company when I get older.,0,643-asian women,2524,2528
0:42:09,0:42:10,It's lonely.,0,667-mom,2529,2530
0:42:10,0:42:12,"My mom is 80,",0,667-mom,2530,2532
0:42:12,0:42:15,going through a full blown mid-life crisis.,2,667-mom,2532,2535
0:42:19,0:42:22,Cause she knows that she's got a century more to go.,0.75,667-mom,2539,2542
0:42:23,0:42:24,And she is so lonely.,0,667-mom,2543,2544
0:42:24,0:42:26,"All of her white friends, dead.",0.75,667-mom,2544,2546
0:42:27,0:42:28,"Her Mexican friends, dead.",0.25,667-mom,2547,2548
0:42:29,0:42:30,"Black friends, dead.",0.25,667-mom,2549,2550
0:42:38,0:42:41,I'm just kidding. She doesn't have any black friends.,3.5,667-mom,2558,2561
0:42:44,0:42:48,"Life is not *Rush Hour*, the movie, OK?",1.5,667-mom,2564,2568
0:42:51,0:42:54,I need children to be there for me,0,677-support,2571,2574
0:42:54,0:42:56,"when I'm older, when I get as old as her.",0,677-support,2574,2576
0:42:56,0:42:59,"And when I say be there for me, I mean pay for me",0,677-support,2576,2579
0:42:59,0:43:02,when my husband isn't around to support me anymore.,0,677-support,2579,2582
0:43:02,0:43:05,I'm not trying to be one of those old Chinese ladies,0,681-recycle,2582,2585
0:43:05,0:43:09,"who recycles for a living. That's not my destiny, OK?",0,681-recycle,2585,2589
0:43:10,0:43:13,"Old Chinese ladies, they don't give a fuck. They got no shame.",0,681-recycle,2590,2593
0:43:13,0:43:15,"They're like, ""I'm just gonna recycle...",0,681-recycle,2593,2595
0:43:15,0:43:17,go bald...,0,681-recycle,2595,2597
0:43:17,0:43:19,"go to the park, do this shit.""",8.5,681-recycle,2597,2599
0:43:36,0:43:38,They do that 'cause it's a free activity.,1,681-recycle,2616,2618
0:43:39,0:43:43,"For them. They do it in their-- their big-ass V. Stiviano visor,",0.75,681-recycle,2619,2623
0:43:43,0:43:46,their Darth Vader-Tomb Raider- Boba Fett helmet.,0.75,681-recycle,2623,2626
0:43:47,0:43:51,"They wear that to protect themselves from their arch-nemesis, the sun.",0.75,681-recycle,2627,2631
0:43:51,0:43:54,Their in a contest to see who's gonna burn out first.,0.75,681-recycle,2631,2634
0:43:55,0:43:58,Old Asian ladies and the sun are like the Tupac and Biggie of longevity.,4.5,681-recycle,2635,2638
0:44:05,0:44:09,I also decided to have a kid because,0,601-pregnancy,2645,2649
0:44:09,0:44:11,"uh, I'm only 33,",0,601-pregnancy,2649,2651
0:44:11,0:44:14,"which, I know, is not technically high-risk,",0,601-pregnancy,2651,2654
0:44:14,0:44:18,but my body was starting to show signs of change.,0,696-pregnant body,2654,2658
0:44:18,0:44:22,"And it-- And it scared me. Like, I'm only 33 and...",0,697-wet,2658,2662
0:44:24,0:44:28,[whispers] ...my pussy is not as wet as it used to be.,1.25,697-wet,2664,2668
0:44:31,0:44:33,"It's very demoralizing, OK?",0.25,697-wet,2671,2673
0:44:33,0:44:36,"Do you remember when you were 18 years old,",0,697-wet,2673,2676
0:44:36,0:44:40,and your pussy was just sopping wet all the time?,0.75,697-wet,2676,2680
0:44:40,0:44:43,"All the time, you just took it for granted",0,697-wet,2680,2683
0:44:43,0:44:47,"that you could just reach your hand down your pants at any given moment,",0,697-wet,2683,2687
0:44:47,0:44:49,"you throw up the peace sign afterwards,",0,697-wet,2687,2689
0:44:49,0:44:52,and there would be that snail-trail in between your fingers.,1.5,697-wet,2689,2692
0:44:52,0:44:54,"Oh, my God, it was so juicy.",0,697-wet,2692,2694
0:44:54,0:44:57,"You could just blow a bubble wand with it, just...",2.5,697-wet,2694,2697
0:44:57,0:44:59,[shouts cheerfully],0,697-wet,2697,2699
0:45:00,0:45:04,"""I slime you, I slime you. *Ghostbusters""!*",4.5,697-wet,2700,2704
0:45:09,0:45:11,I don't know what kind of mother I'm gonna be.,7,697-wet,2709,2711
0:45:19,0:45:22,"I'm-- I'm 33, and I did have to get",0,711-plan b,2719,2722
0:45:22,0:45:26,a little bit of science involved when trying to get pregnant.,0,711-plan b,2722,2726
0:45:26,0:45:27,And a lot of that...,0,711-plan b,2726,2727
0:45:28,0:45:30,is most likely my fault.,0,711-plan b,2728,2730
0:45:30,0:45:32,"Because, when I was in my 20s,",0,711-plan b,2730,2732
0:45:32,0:45:34,I ate Plan B like skittles.,1.5,711-plan b,2732,2734
0:45:36,0:45:40,"So, my uterus probably looked like a smoker's lung.",1.5,711-plan b,2736,2740
0:45:43,0:45:45,And I found out,0,718-pills,2743,2745
0:45:45,0:45:49,that my progesterone levels were alarmingly low.,0,718-pills,2745,2749
0:45:49,0:45:53,"So, then I had to take these hormone pills that were suppositories,",0,718-pills,2749,2753
0:45:53,0:45:56,and Push Pop them up myself every single night.,0,718-pills,2753,2756
0:45:56,0:45:59,"And then, at my writing job, at *Fresh Off The Boat,*",0,718-pills,2756,2759
0:45:59,0:46:02,"I would be storyboarding in front of my co-workers,",0,718-pills,2759,2762
0:46:02,0:46:06,"and then, at some point, the pill would inevitably dissolve",0,718-pills,2762,2766
0:46:06,0:46:07,"and melt into my underwear,",0,718-pills,2766,2767
0:46:07,0:46:11,"and I had to act like everything was OK,",0,718-pills,2767,2771
0:46:11,0:46:14,when everything was clearly not OK.,2,718-pills,2771,2774
0:46:14,0:46:17,"And then, a side effect of the progesterone",0,728-itchy,2774,2777
0:46:17,0:46:19,was that it made me extremely itchy.,0.5,728-itchy,2777,2779
0:46:20,0:46:23,"So, then I had to find ways to discretely scratch myself",0.5,728-itchy,2780,2783
0:46:23,0:46:27,"underneath the conference table, and then resist the urge",0,728-itchy,2783,2787
0:46:27,0:46:30,to immediately smell my fingers afterwards.,3,728-itchy,2787,2790
0:46:30,0:46:33,I want to be able to smell my fingers,0,733-smell fingers,2790,2793
0:46:33,0:46:36,when I wanna smell my own goddamn fingers.,1.5,733-smell fingers,2793,2796
0:46:36,0:46:39,"Housewives, they can just scratch and sniff all day long.",0.75,733-smell fingers,2796,2799
0:46:40,0:46:43,"They just vacuum, scratch, sniff.",0.75,733-smell fingers,2800,2803
0:46:43,0:46:46,"They make a sandwich. ""Uh, mmm.""",0.75,733-smell fingers,2803,2806
0:46:46,0:46:51,"They watch *Property Brothers*, scratch, ""What's crackin'? Mmm.""",2,733-smell fingers,2806,2811
0:46:54,0:46:57,"Every time you scratch yourself, all you can think about is,",0,733-smell fingers,2814,2817
0:46:57,0:47:00,"""When can I smell my fingers? When can I smell my fingers?",0.25,733-smell fingers,2817,2820
0:47:00,0:47:02,"When can I discretely find a way to...""",2.5,733-smell fingers,2820,2822
0:47:06,0:47:07,"""...smell my fingers?""",0,733-smell fingers,2826,2827
0:47:07,0:47:11,Nature made you urgently curious,0,733-smell fingers,2827,2831
0:47:11,0:47:15,"to protect you, 'cause you gotta check that it's all good in the hood.",0.75,733-smell fingers,2831,2835
0:47:15,0:47:18,"If it's too funky, you need to see a doctor.",0,733-smell fingers,2835,2838
0:47:18,0:47:20,Your fingers are your first WebMD.,2,733-smell fingers,2838,2840
0:47:26,0:47:29,"When my husband and I were trying to have a kid,",0,747-making babies,2846,2849
0:47:29,0:47:32,"a lot of people were like, ""Oh, my God, that's so hot.",0,747-making babies,2849,2852
0:47:32,0:47:34,"You guys doin' a lot of fuckin'?""",0,747-making babies,2852,2854
0:47:35,0:47:39,"No, dude. That's-- That's shit you do in your 20s, OK?",0,747-making babies,2855,2859
0:47:39,0:47:40,"When in-- When you're in your 30s,",0,747-making babies,2859,2860
0:47:40,0:47:44,"and you've been trying to get pregnant for a while, it gets very clinical.",0,752-clinical sex,2860,2864
0:47:44,0:47:48,You pee on these ovulation strips that tell you when the eggs are droppin'.,0,753-ovulation,2864,2868
0:47:48,0:47:50,It tells you when it's Easter time.,1.5,753-ovulation,2868,2870
0:47:52,0:47:55,And I would only fuck him when it was Easter time.,0,753-ovulation,2872,2875
0:47:55,0:47:58,"It was, like, only four days out of the month, and outside of that,",0,753-ovulation,2875,2878
0:47:58,0:48:02,"I would be like, ""We're not fuckin'. I need you to save it.",0,753-ovulation,2878,2882
0:48:02,0:48:05,"I want your sperm to be as pent-up,",0,758-sperm,2882,2885
0:48:05,0:48:09,and as angry and rapey as possible.,1.25,758-sperm,2885,2889
0:48:09,0:48:14,"So that, when they come out, it's like, 'Release the Kraken!'"" [roaring]",2.5,758-sperm,2889,2894
0:48:14,0:48:17,And they just come out like a bunch of angry refugees,0,758-sperm,2894,2897
0:48:17,0:48:20,"escaping a dictatorship, you know?",3.5,758-sperm,2897,2900
0:48:22,0:48:24,"And, um...",0,752-clinical sex,2902,2904
0:48:24,0:48:28,"yeah, and most of the time, like, we wouldn't even have sex,",0,764-tired,2904,2908
0:48:28,0:48:30,"cause I was so tired when I would come home,",0,764-tired,2908,2910
0:48:30,0:48:33,"and see the smiley face on the ovulation strip,",0,764-tired,2910,2913
0:48:33,0:48:35,"and I'd be like, ""OK, it's go time,""",0,764-tired,2913,2915
0:48:35,0:48:38,"and I would just give my husband a hand job most of the time,",0,764-tired,2915,2918
0:48:38,0:48:41,and he would close his eyes immediately.,0,769-closing eyes,2918,2921
0:48:41,0:48:43,"I know what that means, OK?",0.75,769-closing eyes,2921,2923
0:48:43,0:48:46,"When somebody closes their eyes during sex,",0,769-closing eyes,2923,2926
0:48:46,0:48:49,it's not because they're in such ecstasy with you,0,769-closing eyes,2926,2929
0:48:49,0:48:52,that-- that they need to close their eyes.,0,769-closing eyes,2929,2932
0:48:52,0:48:54,"When somebody closes their eyes during sex,",0,769-closing eyes,2932,2934
0:48:55,0:48:57,it's because they're literally trying,0,769-closing eyes,2935,2937
0:48:57,0:49:00,to shut the image of your face out of their head,0,769-closing eyes,2937,2940
0:49:00,0:49:03,and instead project two Latina lesbians,0,769-closing eyes,2940,2943
0:49:03,0:49:06,that they saw earlier that day on RedTube onto the back of their eyelids.,0.75,769-closing eyes,2943,2946
0:49:07,0:49:09,"Which is fine by me, because then",0,769-closing eyes,2947,2949
0:49:09,0:49:12,"he doesn't have to see the expression on my face that says,",0,769-closing eyes,2949,2952
0:49:12,0:49:15,"""Please, hurry the fuck up.""",2,769-closing eyes,2952,2955
0:49:16,0:49:19,"And then, when he was about to finish, I could always tell because",0,782-orgasm,2956,2959
0:49:20,0:49:24,the indication is very universal when a man is about to finish.,0,782-orgasm,2960,2964
0:49:24,0:49:26,It's when they get that...,0,782-orgasm,2964,2966
0:49:27,0:49:30,that stupid-ass look on their face... ,1,782-orgasm,2967,2970
0:49:30,0:49:35,"...where they look like they just got bit by a zombie, just... [straining]",7.5,782-orgasm,2970,2975
0:49:43,0:49:45,"And then, because we're hippies, I'd be like, ""Hey, hey!",0,787-hippies,2983,2985
0:49:46,0:49:50,"Please look me in the eye and remember to come with intention, OK?""",1.5,787-hippies,2986,2990
0:49:50,0:49:53,"And then, I would jump on him, and hold onto his neck,",0,789-conception,2990,2993
0:49:53,0:49:56,"and I would just twerk, twerk, twerk the shit out of him...",0.75,789-conception,2993,2996
0:49:57,0:50:01,and do some of this shit that I learned in Atlanta. [grunting],2.5,789-conception,2997,3001
0:50:01,0:50:05,And then I would turn upside down immediately afterwards...,0,789-conception,3001,3005
0:50:06,0:50:10,to make sure all of that Harvard nectar would just drain inside of me.,2.5,789-conception,3006,3010
0:50:11,0:50:14,That's right. 'Cause I don't wanna work anymore.,9.5,789-conception,3011,3014
0:50:25,0:50:29,I'm very grateful to be pregnant and to be...,0,795-miscarriage,3025,3029
0:50:29,0:50:32,"this far along, to be seven and a half months pregnant,",0,795-miscarriage,3029,3032
0:50:32,0:50:35,"because, last year, I had a miscarriage,",0,795-miscarriage,3032,3035
0:50:35,0:50:38,which is very common. And a lot of women who are in their 20s,0,795-miscarriage,3035,3038
0:50:38,0:50:41,"flip out when they hear that. They're like, ""Oh, my God.",0,795-miscarriage,3038,3041
0:50:41,0:50:44,"That's so dark and terrible. I can't believe that.""",0,795-miscarriage,3041,3044
0:50:44,0:50:46,"I'm 33. Girl, when you're 33,",0,795-miscarriage,3044,3046
0:50:46,0:50:50,you'll know plenty of women who have had a miscarriage.,0,795-miscarriage,3046,3050
0:50:50,0:50:54,"It's super common, and I wish more women would talk about it",0,795-miscarriage,3050,3054
0:50:54,0:50:57,so they wouldn't feel so bad when they go through it.,0,795-miscarriage,3054,3057
0:50:57,0:50:59,"When I told my mom-- She's from a third world country,",0,805-mom,3057,3059
0:51:00,0:51:02,"and when I told her I had one, she was like,",0,805-mom,3060,3062
0:51:02,0:51:06,"""Uh, yeah. Where I'm from, that's like losing a pair of shoes.",0.75,805-mom,3062,3066
0:51:07,0:51:11,"It's whatevs, OK?"" And everything happens for a reason.",1,805-mom,3067,3071
0:51:11,0:51:15,"I found out at my six-week sonogram, which is very early.",0,809-doctor,3071,3075
0:51:15,0:51:17,"And the doctor says to me,",0,809-doctor,3075,3077
0:51:17,0:51:22,"""Oh, my God, I see two sacks, which means you're having twins.""",0,809-doctor,3077,3082
0:51:22,0:51:26,"And I was like, ""No""!",0.5,809-doctor,3082,3086
0:51:27,0:51:31,"And then she said, ""But what I don't see is a heartbeat.""",0,809-doctor,3087,3091
0:51:31,0:51:35,"And I was like, ""Yes""! ",2.5,809-doctor,3091,3095
0:51:36,0:51:40,"""The Lord is mysterious""!",2.5,809-doctor,3096,3100
0:51:41,0:51:45,"Don't feel bad, OK? They were the size of poppy seeds.",0,809-doctor,3101,3105
0:51:45,0:51:49,I've picked boogers larger than the twins that I lost.,1,809-doctor,3105,3109
0:51:51,0:51:53,And most women won't let their husbands watch,0,818-husband watches,3111,3113
0:51:53,0:51:55,when they're going through a miscarriage.,0,818-husband watches,3113,3115
0:51:56,0:51:57,I sat my husband down in front of me,0,818-husband watches,3116,3117
0:51:58,0:52:00,"while I sat on the toilet, and I was like, ""You look.""",1.5,818-husband watches,3118,3120
0:52:02,0:52:04,"""You watch the whole thing.""",1,818-husband watches,3122,3124
0:52:04,0:52:06,And he felt so bad for me.,0,818-husband watches,3124,3126
0:52:06,0:52:08,And I used it as leverage,0,824-relationship leverage,3126,3128
0:52:08,0:52:11,and held that shit over his head for a month,0,824-relationship leverage,3128,3131
0:52:11,0:52:15,and got him to do whatever the fuck I wanted him to do for 30 days.,0,824-relationship leverage,3131,3135
0:52:16,0:52:18,He took me to see Beyoncé. ,1,824-relationship leverage,3136,3138
0:52:18,0:52:21,He bought me a bike off of Craigslist.,0,824-relationship leverage,3138,3141
0:52:21,0:52:23,"That's my miscarriage bike, and I love it very much.",1.5,824-relationship leverage,3141,3143
0:52:25,0:52:29,"For 30 days, I finally had the marriage I always wanted.",1.5,824-relationship leverage,3145,3149
0:52:32,0:52:35,"I'm scared about giving childbirth, though.",0,831-childbirth,3152,3155
0:52:35,0:52:38,"I'm-- I'm very, very scared of childbirth.",0,832-doula,3155,3158
0:52:38,0:52:40,That's why I'm going to hire a doula.,0,832-doula,3158,3160
0:52:41,0:52:43,You know what that is? You know what a doula is?,0,832-doula,3161,3163
0:52:43,0:52:45,That's a white hippie witch...,2.5,832-doula,3163,3165
0:52:49,0:52:51,...that blows quinoa into your pussy,1.5,832-doula,3169,3171
0:52:51,0:52:54,to Keyser Söze all the pain away.,0.75,832-doula,3171,3174
0:52:57,0:52:59,A lot of women tried to freak me out.,0,838-poop,3177,3179
0:52:59,0:53:02,"They tried to freak me out about childbirth by saying,",0,838-poop,3179,3182
0:53:02,0:53:06,"""Ali, did you know that you're gonna poop on the table?""",0,838-poop,3182,3186
0:53:08,0:53:10,"I was like, ""Yeah, I look forward to it.""",3.5,838-poop,3188,3190
0:53:13,0:53:16,I'm all backed up from holding in my shit at work.,1.5,838-poop,3193,3196
0:53:17,0:53:18,I can't wait to cleanse.,1.5,838-poop,3197,3198
0:53:20,0:53:23,"It makes sense, like, that you-- that that happens because",0,838-poop,3200,3203
0:53:23,0:53:25,"when you're in labor, you push, you push, you push,",0,838-poop,3203,3205
0:53:26,0:53:29,and your husband will be asked to assist in the labor,0,838-poop,3206,3209
0:53:29,0:53:31,"by lifting up your leg,",0,838-poop,3209,3211
0:53:31,0:53:34,which subsequently turns into a soft serve lever.,2.5,838-poop,3211,3214
0:53:34,0:53:39,You just shit on the floor in front of the love of your life.,0,838-poop,3214,3219
0:53:39,0:53:42,"And just when you think that's enough to make him finally leave you,",0,838-poop,3219,3222
0:53:42,0:53:46,"boom, a baby comes out, and he gotta stay.",2.25,838-poop,3222,3226
0:53:47,0:53:50,"That's the real miracle of life, right there.",3,838-poop,3227,3230
0:53:55,0:53:59,"I can already see how a child can really take its toll on a marriage,",0,853-marriage toll,3235,3239
0:53:59,0:54:01,because the baby hasn't even come out yet,0,854-chores,3239,3241
0:54:01,0:54:05,and I am already so resentful towards my husband.,0,854-chores,3241,3245
0:54:05,0:54:09,"So much resentment, especially when he asks me to do shit around the house.",0,854-chores,3245,3249
0:54:09,0:54:13,"[imitates male voice] ""Hey, can you wash the dishes?"" [normal voice] ""No""!",0,854-chores,3249,3253
0:54:13,0:54:17,"""Can you water the plants?"" ""I am not doing jack shit anymore.",0,854-chores,3253,3257
0:54:17,0:54:20,"I'm busy makin' a eyeball, OK?",1.5,854-chores,3257,3260
0:54:21,0:54:25,"Are you makin' a foot? I didn't think so. You change the channel.""",3,854-chores,3261,3265
0:54:28,0:54:33,"I can already see how there's, like, this crazy double standard in our society",0,861-double standard,3268,3273
0:54:33,0:54:39,of how it takes so little to be considered a great dad.,0,861-double standard,3273,3279
0:54:39,0:54:43,And it also takes so little to be considered a shitty mom.,0,861-double standard,3279,3283
0:54:43,0:54:46,People praise my husband,0,861-double standard,3283,3286
0:54:46,0:54:48,for coming to all of my doctor's appointments with me.,0,861-double standard,3286,3288
0:54:48,0:54:52,"""Oh, my God. I can't believe he comes to all your doctor's appointments.",0,861-double standard,3288,3292
0:54:53,0:54:55,"He is so supportive.""",0,861-double standard,3293,3295
0:54:55,0:54:58,Guess who else has to go to those doctor appointments.,1,861-double standard,3295,3298
0:54:58,0:55:01,Me! I'm the star of the show.,0.75,861-double standard,3298,3301
0:55:01,0:55:05,There's nothing for the camera to see if I'm not there.,0.5,861-double standard,3301,3305
0:55:05,0:55:10,But he's the hero for playing *Candy Crush *while I get my blood drawn.,2,861-double standard,3305,3310
0:55:10,0:55:15,"Meanwhile, if I do mushrooms seven months pregnant, I'm a bad mommy.",4.5,861-double standard,3310,3315
0:55:20,0:55:22,"You know, I-- I-- I, like,",0,873-berate,3320,3322
0:55:22,0:55:26,"I berate my husband on, like, a daily basis.",0,873-berate,3322,3326
0:55:27,0:55:29,Partially because I really am mad at him.,0,873-berate,3327,3329
0:55:29,0:55:33,"But mostly out of survival, because if he leaves me, I'm fucked.",0.25,873-berate,3329,3333
0:55:34,0:55:39,"So, I have to chip away at his self-esteem on a daily basis...",0.75,873-berate,3334,3339
0:55:40,0:55:42,to keep him down so that he doesn't believe,0,873-berate,3340,3342
0:55:43,0:55:46,that he's worthy of another woman's affection and leaves me.,0,873-berate,3343,3346
0:55:46,0:55:50,I gotta keep him around by keeping him down.,2,873-berate,3346,3350
0:55:53,0:55:56,People don't tell you about all this shit that goes down with your body,0,881-body,3353,3356
0:55:56,0:55:57,"when you get pregnant, you know?",0,881-body,3356,3357
0:55:58,0:56:00,Your nipples get huge and dark.,0,883-nipples,3358,3360
0:56:01,0:56:02,I didn't know that.,0,883-nipples,3361,3362
0:56:02,0:56:06,"I didn't know that they get dark so that the baby can see, like, a bullseye.",1.5,883-nipples,3362,3366
0:56:08,0:56:10,So that the baby can find it easier.,0,883-nipples,3368,3370
0:56:10,0:56:13,"And then, you know, they get big-- they get big, like fingers.",0.5,883-nipples,3370,3373
0:56:13,0:56:17,"Like, ""You, you. You owe me money, you.""",2.5,883-nipples,3373,3377
0:56:18,0:56:22,"My nipples look like Whoppers now, and naked, I look like a Minion.",2.5,883-nipples,3378,3382
0:56:24,0:56:27,But I'm not gonna be one of those crazy pregnant ladies,0,890-exercise,3384,3387
0:56:27,0:56:31,who tries to get all back in shape right after they get pregnant. No.,0,890-exercise,3387,3391
0:56:32,0:56:34,"Hopefully, if you see me in a year,",0,890-exercise,3392,3394
0:56:34,0:56:39,"I will have the kind of body where, if I do a nude scene on television,",0,890-exercise,3394,3399
0:56:39,0:56:43,people will commend me for being courageous.,5,890-exercise,3399,3403
0:56:45,0:56:47,For doing it.,0,890-exercise,3405,3407
0:56:48,0:56:52,"Now that I'm seven and a half months pregnant, my pussy's all wet again.",1,896-wet,3408,3412
0:56:53,0:56:56,"But it's different. It's not like when I was 18 years old,",0,896-wet,3413,3416
0:56:56,0:56:58,"when it was like, really hot, you know?",0,896-wet,3416,3418
0:56:58,0:57:00,"And I was like, ""Why is it different?"" And I looked it up,",0,896-wet,3418,3420
0:57:00,0:57:05,and my pussy's all wet again because my-- my body's secreting mucus,0,896-wet,3420,3425
0:57:05,0:57:08,to protect the baby from bacteria attacking it.,0,896-wet,3425,3428
0:57:10,0:57:13,That's not the same. ,1.5,896-wet,3430,3433
0:57:13,0:57:17,"When it's straight up soldier glue, when it's Neosporin.",3.5,896-wet,3433,3437
0:57:22,0:57:25,"So, you know, I-- I, in--",0,904-conclusion,3442,3445
0:57:25,0:57:29,"previously, before I met my husband, I had dated a bunch of losers.",0,904-conclusion,3445,3449
0:57:29,0:57:31,"And then, I meet this dream guy, who's, like,",0,904-conclusion,3449,3451
0:57:31,0:57:33,"way more handsome than me, out of my league,",0,904-conclusion,3451,3453
0:57:33,0:57:35,graduated from Harvard Business School.,0,904-conclusion,3453,3455
0:57:35,0:57:37,Worked hard to trap his ass.,0,904-conclusion,3455,3457
0:57:38,0:57:42,"Got him to propose to me. Oh, my God, then we got married,",0,904-conclusion,3458,3462
0:57:42,0:57:45,"all my dreams coming true, and then we got pregnant,",0,904-conclusion,3462,3465
0:57:45,0:57:49,and recently we bought our first home together.,0,912-debt,3465,3469
0:57:49,0:57:53,"And, uh, two weeks into the escrow process,",0,912-debt,3469,3473
0:57:53,0:57:58,"I discovered that my beautiful, Harvard-educated husband",0,912-debt,3473,3478
0:57:58,0:58:01,"was $70,000 in debt.",2,912-debt,3478,3481
0:58:06,0:58:12,"And me, with my hard-earned TV money, paid it all off.",0,912-debt,3486,3492
0:58:19,0:58:24,"So, as it turns out, he's the one who trapped me.",7,912-debt,3499,3504
0:58:29,0:58:31,How did he do it?,0,912-debt,3509,3511
0:58:31,0:58:33,How did he bamboozle me?,0,912-debt,3511,3513
0:58:34,0:58:39,"Oh! Maybe because he went to Harvard Business School,",1.5,912-debt,3514,3519
0:58:39,0:58:43,the epicenter of white-collar crime. He Enron'd my ass.,1.5,912-debt,3519,3523
0:58:43,0:58:47,"And now, if I don't work, we die.",2.5,912-debt,3523,3527
0:58:48,0:58:52,Why else do you think I'm performing seven and a half months pregnant?,3,912-debt,3528,3532
0:58:52,0:58:55,"All right, I've been Ali Wong. Have a good night, everybody. Thank you.",0,904-conclusion,3532,3535
